PEDIGREE,Range,Row,Rep,PLOT,TEST,Rust.1,Rust.2,Range_Row,Row.Odd
((GP474GT-B12-B15-B23)/(Tx778/Tx151)-B5-06-1-1-B6),2,3,1,1,NEUI,8,25,2_3,3
((GP722)/(Tx779/Tx780)-B6-04-1-1-B22),2,5,1,2,NEUI,8,25,2_5,5
((GP474GT-B12-B15-B23)/(Tzi 18/CML 69)/(Tzi 8/Mp313E -B)/(CML 108/A6)/(CML 311/Mp715)-29-2-1-B13),2,7,1,3,NEUI,5,30,2_7,7
DKC67-44 (2021),2,9,1,4,NEUI,15,98,2_9,9
((GP474GT-B12-B15-B23)/(Tx777/Tx775)-B5-37-2-1-1-B12),2,11,1,5,NEUI,7,20,2_11,11
((GP739GTCBLLBL)/(Tx777/Tx775)-B5-12-2-2-B18),2,13,1,6,NEUI,9,86,2_13,13
((Tx779)/(Tx779/Tx780)-B6-04-2-2-B6),2,15,1,7,NEUI,8,25,2_15,15
((GP739GTCBLLBL)/(Tzi 18/Mp313E -B)/(CML 311/Mp715)/(CML 108/NC334)/(Tx740/CML 348)-44-1-1-1-B18),2,17,1,8,NEUI,10,30,2_17,17
((GP722)/(Tx777/Tx775)-B5-15-1-1-1-B9),2,19,1,9,NEUI,15,40,2_19,19
((GP739GTCBLLBL)/(Tx778/Tx151)-B5-04-1-3-1-B14),2,21,1,10,NEUI,14,96,2_21,21
((GP724GTCBLL)/(Tx779/Tx780)-B6-04-2-2-B6),2,23,1,11,NEUI,5,15,2_23,23
((LH195RR)/(Tx779/Tx780)-B6-04-2-2-B6),2,25,1,12,NEUI,7,13,2_25,25
((GP737)/(Tzi 18/CML 69)/(Tzi 8/Mp313E -B)/(CML 108/A6)/(CML 311/Mp715)-29-2-1-B13),2,27,1,13,NEUI,7,25,2_27,27
((Tx779)/(Tx777/Tx775)-B5-15-1-1-B28),2,29,1,14,NEUI,10,75,2_29,29
((LH195RR)/(Tx777/Tx775)-B5-39-1-2-B14),2,31,1,15,NEUI,14,45,2_31,31
((GP724GTCBLL)/(Tx779/Tx780)-B6-04-1-1-B22),2,33,1,16,NEUI,6,35,2_33,33
((Tx777-B50)/(Tzi 18/Mp313E -B)/(CML 311/Mp715)/(CML 108/NC334)/(Tx740/CML 348)-44-1-1-1-B18),2,35,1,17,NEUI,12,55,2_35,35
((GP737)/((CML269/Tx110)/(CML 311/Tx110)-1-B-B-B-B/DTPWC8F31-1-1-2-2-BBBB-B)-B-B-3-1-B-1-B8-1-B18),2,37,1,18,NEUI,15,98,2_37,37
((GP724GTCBLL)/((LAMA2002-23-3-B/LAMA2002-58-4-B)-B-B-2-3-B-B-B-1-1//(LAMA2002-35-2-B-B-B-B/CG44)-1-3-B-1-1-B24)-B5-19-4-1-B15),2,39,1,19,NEUI,10,40,2_39,39
BH900VIP3111 (2021),2,41,1,20,NEUI,15,98,2_41,41
((GP737)/(Tx778/Tx151)-B5-04-1-3-1-B14),3,42,1,21,NEUI,14,30,3_41,41
((GP724GTCBLL)/(Tx778/Tx151)-B5-06-1-1-B6),3,40,1,22,NEUI,12,25,3_39,39
((Tx779)/(Tx777/Tx775)-B5-12-2-2-1-B14),3,38,1,23,NEUI,10,25,3_37,37
((GP737)/(CML 108/NC334)/(Tx740/CML 348)/(Tzi 18/Ki3)/(NC334/Hi27)-8-2-1-2-2),3,36,1,24,NEUI,9,27,3_35,35
((LH195RR)/(Tx778/Tx151)-B5-25-1-2-1-B10),3,34,1,25,NEUI,13,35,3_33,33
((GP724GTCBLL)/(Tx778/Tx151)-B5-04-1-3-1-B14),3,32,1,26,NEUI,14,40,3_31,31
((LH195RR)/(Tx779/Tx780)-B6-04-1-1-B22),3,30,1,27,NEUI,5,20,3_29,29
((GP724GTCBLL)/(Tx777/Tx775)-B5-12-2-2-B18),3,28,1,28,NEUI,15,35,3_27,27
(((Tx777/Tx775)-B5-12-2-1-1-B17)/Tx779),3,26,1,29,NEUI,16,45,3_25,25
((LH195RR)/((CML269/Tx110)/(CML 311/Tx110)-1-B-B-B-B/DTPWC8F31-1-1-2-2-BBBB-B)-B-B-3-1-B-1-B8-1-B18),3,24,1,30,NEUI,12,92,3_23,23
((GP722)/(Tzi 18/Mp313E -B)/(CML 311/Mp715)/(CML 108/NC334)/(Tx740/CML 348)-44-1-1-1-B18),3,22,1,31,NEUI,NA,NA,3_21,21
((LH195RR)/{((LAMA2002-23-3-B/LAMA2002-58-4-B)-B-B-2-3-B-B-B-B12//(CML442-B/CML343-B-B-B-B-B-B)-B-B-1-1-B-B)-B5-selfs B28}-14-1),3,20,1,32,NEUI,15,45,3_19,19
((LH195RR)/(Tx777/Tx775)-B5-37-2-1-1-B12),3,18,1,33,NEUI,7,25,3_17,17
(((Tx777/Tx775)-B5-12-2-2-1-B14)/GP724GTCBLL),3,16,1,34,NEUI,14,35,3_15,15
((GP739GTCBLLBL)/(Tx777/Tx775)-B5-15-1-1-1-B9),3,14,1,35,NEUI,11,25,3_13,13
((GP474GT-B12-B15-B23)/(Tx779/Tx780)-B6-04-1-1-B22),3,12,1,36,NEUI,9,20,3_11,11
((LH195RR)/(Tzi 18/Mp313E -B)/(CML 311/Mp715)/(CML 108/NC334)/(Tx740/CML 348)-44-1-1-1-B18),3,10,1,37,NEUI,18,70,3_9,9
((LH195RR)/(Tx778/Tx151)-B5-04-1-3-1-B14),3,8,1,38,NEUI,20,90,3_7,7
(((Tx777/Tx775)-B5-12-2-1-1-B17)/GP474GT-B12-B15-B23),3,6,1,39,NEUI,7,30,3_5,5
((GP739GTCBLLBL)/((LAMA2002-23-3-B/LAMA2002-58-4-B)-B-B-2-3-B-B-B-1-B23-B5-B27/LH82)-3-2-1),3,4,1,40,NEUI,9,30,3_3,3
((GP739GTCBLLBL)/(Tx777/Tx775)-B5-15-1-1-1-B9),4,3,1,41,NEUI,10,25,4_3,3
((GP739GTCBLLBL)/(Tx777/Tx775)-B5-15-1-1-B28),4,5,1,42,NEUI,10,30,4_5,5
((GP739GTCBLLBL)/(Tx778/Tx151)-B5-06-1-1-B8),4,7,1,43,NEUI,12,40,4_7,7
((WF18 Red Stalker inbred)/Tx779),4,9,1,44,NEUI,8,50,4_9,9
((GP722)/(Tx777/Tx775)-B5-15-1-1-B28),4,11,1,45,NEUI,15,65,4_11,11
((Tx779)/((LAMA2002-23-3-B/LAMA2002-58-4-B)-B-B-2-3-B-B-B-1-B23-B5-B27/LH82)-3-2-1),4,13,1,46,NEUI,10,40,4_13,13
((GP474GT-B12-B15-B23)/(CML 108/NC334)/(Tx740/CML 348)/(Tzi 18/Ki3)/(NC334/Hi27)-4-2-1-1-1-B7),4,15,1,47,NEUI,4,30,4_15,15
((GP739GTCBLLBL)/(CML 108/NC334)/(Tx740/CML 348)/(Tzi 18/Ki3)/(NC334/Hi27)-8-2-1-2-2),4,17,1,48,NEUI,10,50,4_17,17
((GP722)/(Tx777/Tx775)-B5-12-2-1-B23),4,19,1,49,NEUI,15,98,4_19,19
LG64C30 (2021),4,21,1,50,NEUI,NA,NA,4_21,21
((GP739GTCBLLBL)/((CML288/NC300)-B-9-B1-B-B-B-B-B-B-B-B-1-B8-B7-B17/LH82)-1-2-1),4,23,1,51,NEUI,12,92,4_23,23
((LH195RR)/((LAMA2002-23-3-B/LAMA2002-58-4-B)-B-B-2-3-B-B-B-1-B23-B5-B27/LH82)-3-2-1),4,25,1,52,NEUI,14,70,4_25,25
((GP739GTCBLLBL)/((CML285/NC300)-B-6-B-B-B-B-B-B-B/(CML 323/NC300)-B-1-1-B-B-B-B-B)-2-2-B-1-1-B20-1-B21-B13),4,27,1,53,NEUI,10,50,4_27,27
((WF18 Red Stalker inbred)/Tx779),4,29,1,54,NEUI,8,40,4_29,29
((GP737)/(Tx777/Tx775)-B5-12-2-1-1-B17),4,31,1,55,NEUI,12,50,4_31,31
((GP474GT-B12-B15-B23)/(Tx779/Tx780)-B6-04-2-2-B6),4,33,1,56,NEUI,6,35,4_33,33
((LH195RR)/(Tx777/Tx775)-B5-12-2-1-1-B17),4,35,1,57,NEUI,8,80,4_35,35
((GP722)/(Tx777/Tx775)-B5-12-2-2-1-B14),4,37,1,58,NEUI,10,88,4_37,37
((LH195RR)/(Tx777/Tx775)-B5-30-1-1-1-B6),4,39,1,59,NEUI,12,60,4_39,39
(((Tzi 18/CML 69)/(Tzi 8/Mp313E -B)/(CML 108/A6)/(CML 311/Mp715)-29-2-1-B13)/LH195RR),4,41,1,60,NEUI,9,80,4_41,41
((GP724GTCBLL)/(CML 108/NC334)/(Tx740/CML 348)/(Tzi 18/Ki3)/(NC334/Hi27)-8-2-1-2-2),5,42,1,61,NEUI,6,40,5_41,41
((GP739GTCBLLBL)/(Tx777/Tx775)-B5-39-1-2-1-B6),5,40,1,62,NEUI,6,40,5_39,39
((LH195RR)/(Tx777/Tx775)-B5-15-1-1-1-B9),5,38,1,63,NEUI,11,60,5_37,37
((GP724GTCBLL)/(Tx777/Tx775)-B5-15-1-1-B28),5,36,1,64,NEUI,12,60,5_35,35
((GP737)/(Tx778/Tx151)-B5-06-1-1-B8),5,34,1,65,NEUI,6,50,5_33,33
((GP724GTCBLL)/(Tx777/Tx775)-B5-39-1-2-1-B6),5,32,1,66,NEUI,5,30,5_31,31
((GP739GTCBLLBL)/(Tx777/Tx775)-B5-12-2-1-1-B17),5,30,1,67,NEUI,10,75,5_29,29
((LH195RR)/(Tx777/Tx775)-B5-15-1-1-B28),5,28,1,68,NEUI,8,65,5_27,27
((LH195RR)/(Tx777/Tx775)-B5-39-1-2-1-B6),5,26,1,69,NEUI,6,45,5_25,25
((GP722)/(Tx779/Tx780)-B6-04-2-2-B6),5,24,1,70,NEUI,6,50,5_23,23
((GP474GT-B12-B15-B23)/(Tx777/Tx775)-B5-12-2-1-B23),5,22,1,71,NEUI,7,60,5_21,21
((GP739GTCBLLBL)/(Tx777/Tx775)-B5-12-2-2-1-B14),5,20,1,72,NEUI,14,80,5_19,19
((GP739GTCBLLBL)/((LAMA2002-23-3-B/LAMA2002-58-4-B)-B-B-2-3-B-B-B-1-1//(LAMA2002-35-2-B-B-B-B/CG44)-1-3-B-1-1-B24)-B5-19-4-1-B15),5,18,1,73,NEUI,10,70,5_17,17
((GP739GTCBLLBL)/(Tzi 18/CML 69)/(Tzi 8/Mp313E -B)/(CML 108/A6)/(CML 311/Mp715)-29-2-1-B13),5,16,1,74,NEUI,11,75,5_15,15
((GP737)/(Tx779/Tx780)-B6-04-2-2-B6),5,14,1,75,NEUI,6,15,5_13,13
DKC69-99 (2021),5,12,1,76,NEUI,13,94,5_11,11
((GP722)/(Tx777/Tx775)-B5-12-2-2-B18),5,10,1,77,NEUI,13,94,5_9,9
((LH195RR)/(Tx778/Tx151)-B5-06-1-1-B6),5,8,1,78,NEUI,9,70,5_7,7
((LH195RR)/(Tx778/Tx151)-B5-06-1-1-B8),5,6,1,79,NEUI,9,50,5_5,5
((LH195RR)/((CML285/NC300)-B-6-B-B-B-B-B-B-B/(CML 323/NC300)-B-1-1-B-B-B-B-B)-2-2-B-1-1-B20-1-B21-B13),5,4,1,80,NEUI,6,40,5_3,3
((LH195RR)/(Tx777/Tx775)-B5-12-2-2-1-B14),6,3,1,81,NEUI,8,60,6_3,3
((GP739GTCBLLBL)/(Tx779/Tx780)-B6-04-2-2-B6),6,5,1,82,NEUI,6,45,6_5,5
((Tx779)/(Tx777/Tx775)-B5-12-2-2-B18),6,7,1,83,NEUI,7,55,6_7,7
((GP722)/(CML 108/NC334)/(Tx740/CML 348)/(Tzi 18/Ki3)/(NC334/Hi27)-8-2-1-2-2),6,9,1,84,NEUI,15,80,6_9,9
((GP739GTCBLLBL)/(Tx777/Tx775)-B5-39-1-2-B14),6,11,1,85,NEUI,8,60,6_11,11
((GP739GTCBLLBL)/(Tx777/Tx775)-B5-12-2-1-B23),6,13,1,86,NEUI,9,90,6_13,13
((LH195RR)/(CML 108/NC334)/(Tx740/CML 348)/(Tzi 18/Ki3)/(NC334/Hi27)-4-2-1-1-1-B7),6,15,1,87,NEUI,6,30,6_15,15
((LH195RR)/(Tx777/Tx775)-B5-12-2-1-B23),6,17,1,88,NEUI,7,65,6_17,17
((GP724GTCBLL)/(Tx777/Tx775)-B5-15-1-1-1-B9),6,19,1,89,NEUI,6,40,6_19,19
(((Tx777/Tx775)-B5-12-2-1-1-B17)/GP724GTCBLL),6,21,1,90,NEUI,8,70,6_21,21
(((Tx777/Tx775)-B5-12-2-1-B23)/GP724GTCBLL),6,23,1,91,NEUI,9,70,6_23,23
((GP474GT-B12-B15-B23)/(CML 108/NC334)/(Tx740/CML 348)/(Tzi 18/Ki3)/(NC334/Hi27)-8-2-1-2-2),6,25,1,92,NEUI,5.5,40,6_25,25
((GP739GTCBLLBL)/(Tx779/Tx780)-B6-04-1-1-B22),6,27,1,93,NEUI,7,45,6_27,27
((LH195RR)/(CML 108/NC334)/(Tx740/CML 348)/(Tzi 18/Ki3)/(NC334/Hi27)-8-2-1-2-2),6,29,1,94,NEUI,8,60,6_29,29
((GP739GTCBLLBL)/(Tx778/Tx151)-B5-25-1-2-1-B10),6,31,1,95,NEUI,10,70,6_31,31
((GP739GTCBLLBL)/(Tx778/Tx151)-B5-06-1-1-B6),6,33,1,96,NEUI,15,75,6_33,33
((GP722)/(Tx777/Tx775)-B5-12-2-1-1-B17),6,35,1,97,NEUI,13,94,6_35,35
((GP737)/(Tx779/Tx780)-B6-04-1-1-B22),6,37,1,98,NEUI,6,30,6_37,37
((GP737)/(Tx777/Tx775)-B5-39-1-2-1-B6),6,39,1,99,NEUI,9,40,6_39,39
((Tx779)/(Tx777/Tx775)-B5-39-1-2-1-B6),6,41,2,100,NEUI,4,12,6_41,41
((GP737)/((LAMA2002-23-3-B/LAMA2002-58-4-B)-B-B-2-3-B-B-B-1-B23-B5-B27/LH82)-3-2-1),7,42,2,101,NEUI,6,40,7_41,41
((Tx779)/((LAMA2002-23-3-B/LAMA2002-58-4-B)-B-B-2-3-B-B-B-1-B23-B5-B27/LH82)-3-2-1),7,40,2,102,NEUI,8,40,7_39,39
((LH195RR)/(Tx777/Tx775)-B5-12-2-2-1-B14),7,38,2,103,NEUI,8,20,7_37,37
((GP737)/(Tx779/Tx780)-B6-04-2-2-B6),7,36,2,104,NEUI,3,10,7_35,35
((Tx779)/(Tx777/Tx775)-B5-12-2-2-B18),7,34,2,105,NEUI,7,60,7_33,33
((GP722)/(CML 108/NC334)/(Tx740/CML 348)/(Tzi 18/Ki3)/(NC334/Hi27)-8-2-1-2-2),7,32,2,106,NEUI,10,70,7_31,31
((GP739GTCBLLBL)/(Tx777/Tx775)-B5-12-2-2-B18),7,30,2,107,NEUI,8,65,7_29,29
((GP737)/((LAMA2002-23-3-B/LAMA2002-58-4-B)-B-B-2-3-B-B-B-1-B23-B5-B27/LH82)-3-2-1),7,28,2,108,NEUI,5,60,7_27,27
((GP739GTCBLLBL)/(Tzi 18/Mp313E -B)/(CML 311/Mp715)/(CML 108/NC334)/(Tx740/CML 348)-44-1-1-1-B18),7,26,2,109,NEUI,8,85,7_25,25
((GP739GTCBLLBL)/(Tx777/Tx775)-B5-12-2-1-B23),7,24,2,110,NEUI,10,80,7_23,23
(((Tx777/Tx775)-B5-12-2-2-B18)/LH195RR),7,22,2,111,NEUI,12,90,7_21,21
((GP724GTCBLL)/((LAMA2002-23-3-B/LAMA2002-58-4-B)-B-B-2-3-B-B-B-1-1//(LAMA2002-35-2-B-B-B-B/CG44)-1-3-B-1-1-B24)-B5-19-4-1-B15),7,20,2,112,NEUI,8,40,7_19,19
((GP739GTCBLLBL)/((LAMA2002-23-3-B/LAMA2002-58-4-B)-B-B-2-3-B-B-B-1-1//(LAMA2002-35-2-B-B-B-B/CG44)-1-3-B-1-1-B24)-B5-19-4-1-B15),7,18,2,113,NEUI,6,50,7_17,17
((GP724GTCBLL)/(Tx777/Tx775)-B5-15-1-1-B28),7,16,2,114,NEUI,8,60,7_15,15
((GP722)/(Tzi 18/Mp313E -B)/(CML 311/Mp715)/(CML 108/NC334)/(Tx740/CML 348)-44-1-1-1-B18),7,14,2,115,NEUI,16,99,7_13,13
((GP737)/(CML 108/NC334)/(Tx740/CML 348)/(Tzi 18/Ki3)/(NC334/Hi27)-8-2-1-2-2),7,12,2,116,NEUI,8,60,7_11,11
((GP739GTCBLLBL)/(Tx777/Tx775)-B5-15-1-1-B28),7,10,2,117,NEUI,7,55,7_9,9
((GP737)/(Tx779/Tx780)-B6-04-1-1-B22),7,8,2,118,NEUI,7,25,7_7,7
((GP739GTCBLLBL)/(Tx777/Tx775)-B5-39-1-2-1-B6),7,6,2,119,NEUI,7,35,7_5,5
((LH195RR)/(Tx777/Tx775)-B5-15-1-1-B28),7,4,2,120,NEUI,7.5,35,7_3,3
BH900VIP3111 (2021),8,3,2,121,NEUI,8,90,8_3,3
((LH195RR)/((CML285/NC300)-B-6-B-B-B-B-B-B-B/(CML 323/NC300)-B-1-1-B-B-B-B-B)-2-2-B-1-1-B20-1-B21-B13),8,5,2,122,NEUI,6,35,8_5,5
((GP739GTCBLLBL)/(CML 108/NC334)/(Tx740/CML 348)/(Tzi 18/Ki3)/(NC334/Hi27)-8-2-1-2-2),8,7,2,123,NEUI,6,50,8_7,7
((GP724GTCBLL)/(Tx778/Tx151)-B5-04-1-3-1-B14),8,9,2,124,NEUI,10,80,8_9,9
((LH195RR)/(Tx777/Tx775)-B5-15-1-1-1-B9),8,11,2,125,NEUI,7,45,8_11,11
((GP724GTCBLL)/(CML 108/NC334)/(Tx740/CML 348)/(Tzi 18/Ki3)/(NC334/Hi27)-8-2-1-2-2),8,13,2,126,NEUI,6,45,8_13,13
DKC67-44 (2021),8,15,2,127,NEUI,10,88,8_15,15
((GP474GT-B12-B15-B23)/(Tx779/Tx780)-B6-04-1-1-B22),8,17,2,128,NEUI,6,85,8_17,17
((GP724GTCBLL)/(Tx778/Tx151)-B5-06-1-1-B6),8,19,2,129,NEUI,6,50,8_19,19
((WF18 Red Stalker inbred)/Tx779),8,21,2,130,NEUI,4,40,8_21,21
((GP724GTCBLL)/(Tx777/Tx775)-B5-15-1-1-1-B9),8,23,2,131,NEUI,4,40,8_23,23
((GP724GTCBLL)/(Tx779/Tx780)-B6-04-2-2-B6),8,25,2,132,NEUI,4,35,8_25,25
((LH195RR)/(Tx777/Tx775)-B5-39-1-2-B14),8,27,2,133,NEUI,7,65,8_27,27
((GP739GTCBLLBL)/(Tzi 18/CML 69)/(Tzi 8/Mp313E -B)/(CML 108/A6)/(CML 311/Mp715)-29-2-1-B13),8,29,2,134,NEUI,8,70,8_29,29
((Tx777-B50)/(Tzi 18/Mp313E -B)/(CML 311/Mp715)/(CML 108/NC334)/(Tx740/CML 348)-44-1-1-1-B18),8,31,2,135,NEUI,8.5,70,8_31,31
((LH195RR)/(Tx778/Tx151)-B5-06-1-1-B8),8,33,2,136,NEUI,9,75,8_33,33
((LH195RR)/(CML 108/NC334)/(Tx740/CML 348)/(Tzi 18/Ki3)/(NC334/Hi27)-8-2-1-2-2),8,35,2,137,NEUI,8,65,8_35,35
((LH195RR)/(Tx777/Tx775)-B5-39-1-2-1-B6),8,37,2,138,NEUI,7,55,8_37,37
((GP739GTCBLLBL)/((LAMA2002-23-3-B/LAMA2002-58-4-B)-B-B-2-3-B-B-B-1-B23-B5-B27/LH82)-3-2-1),8,39,2,139,NEUI,9,80,8_39,39
(((Tx777/Tx775)-B5-12-2-2-1-B14)/GP724GTCBLL),8,41,2,140,NEUI,9.5,60,8_41,41
((GP739GTCBLLBL)/(Tx777/Tx775)-B5-12-2-2-1-B14),9,42,2,141,NEUI,8,85,9_41,41
(((Tx777/Tx775)-B5-12-2-1-1-B17)/GP724GTCBLL),9,40,2,142,NEUI,8,65,9_39,39
((GP737)/((CML269/Tx110)/(CML 311/Tx110)-1-B-B-B-B/DTPWC8F31-1-1-2-2-BBBB-B)-B-B-3-1-B-1-B8-1-B18),9,38,2,143,NEUI,15,98,9_37,37
((GP739GTCBLLBL)/(Tx777/Tx775)-B5-39-1-2-B14),9,36,2,144,NEUI,5,55,9_35,35
((GP739GTCBLLBL)/(Tx778/Tx151)-B5-06-1-1-B6),9,34,2,145,NEUI,13,85,9_33,33
((GP739GTCBLLBL)/(Tx779/Tx780)-B6-04-2-2-B6),9,32,2,146,NEUI,6,40,9_31,31
((LH195RR)/(Tx779/Tx780)-B6-04-2-2-B6),9,30,2,147,NEUI,7,40,9_29,29
((GP474GT-B12-B15-B23)/(Tzi 18/CML 69)/(Tzi 8/Mp313E -B)/(CML 108/A6)/(CML 311/Mp715)-29-2-1-B13),9,28,2,148,NEUI,9,65,9_27,27
((GP737)/(Tx777/Tx775)-B5-12-2-1-1-B17),9,26,2,149,NEUI,7,60,9_25,25
((GP722)/(Tx777/Tx775)-B5-12-2-2-1-B14),9,24,2,150,NEUI,8,85,9_23,23
((GP474GT-B12-B15-B23)/(Tx777/Tx775)-B5-12-2-1-B23),9,22,2,151,NEUI,9,60,9_21,21
((GP474GT-B12-B15-B23)/(CML 108/NC334)/(Tx740/CML 348)/(Tzi 18/Ki3)/(NC334/Hi27)-8-2-1-2-2),9,20,2,152,NEUI,6,50,9_19,19
((GP737)/(Tzi 18/CML 69)/(Tzi 8/Mp313E -B)/(CML 108/A6)/(CML 311/Mp715)-29-2-1-B13),9,18,2,153,NEUI,5,50,9_17,17
((GP724GTCBLL)/(Tx777/Tx775)-B5-39-1-2-1-B6),9,16,2,154,NEUI,6,35,9_15,15
((GP737)/(Tx778/Tx151)-B5-06-1-1-B8),9,14,2,155,NEUI,5,50,9_13,13
((GP739GTCBLLBL)/(Tx778/Tx151)-B5-25-1-2-1-B10),9,12,2,156,NEUI,10,60,9_11,11
((LH195RR)/((LAMA2002-23-3-B/LAMA2002-58-4-B)-B-B-2-3-B-B-B-1-B23-B5-B27/LH82)-3-2-1),9,10,2,157,NEUI,8,70,9_9,9
((GP722)/(Tx777/Tx775)-B5-12-2-2-B18),9,8,2,158,NEUI,10,88,9_7,7
((LH195RR)/(CML 108/NC334)/(Tx740/CML 348)/(Tzi 18/Ki3)/(NC334/Hi27)-4-2-1-1-1-B7),9,6,2,159,NEUI,4.5,35,9_5,5
((GP724GTCBLL)/(Tx779/Tx780)-B6-04-1-1-B22),9,4,2,160,NEUI,6,40,9_3,3
((GP739GTCBLLBL)/((CML285/NC300)-B-6-B-B-B-B-B-B-B/(CML 323/NC300)-B-1-1-B-B-B-B-B)-2-2-B-1-1-B20-1-B21-B13),10,3,2,161,NEUI,7,50,10_3,3
((LH195RR)/(Tzi 18/Mp313E -B)/(CML 311/Mp715)/(CML 108/NC334)/(Tx740/CML 348)-44-1-1-1-B18),10,5,2,162,NEUI,10,70,10_5,5
((GP724GTCBLL)/(Tx777/Tx775)-B5-12-2-2-B18),10,7,2,163,NEUI,8,50,10_7,7
((GP722)/(Tx779/Tx780)-B6-04-2-2-B6),10,9,2,164,NEUI,8,50,10_9,9
((GP474GT-B12-B15-B23)/(Tx778/Tx151)-B5-06-1-1-B6),10,11,2,165,NEUI,8,60,10_11,11
DKC69-99 (2021),10,13,2,166,NEUI,15,98,10_13,13
((LH195RR)/(Tx777/Tx775)-B5-30-1-1-1-B6),10,15,2,167,NEUI,7.5,85,10_15,15
((GP722)/(Tx777/Tx775)-B5-15-1-1-1-B9),10,17,2,168,NEUI,7,70,10_17,17
(((Tx777/Tx775)-B5-12-2-1-1-B17)/GP474GT-B12-B15-B23),10,19,2,169,NEUI,9.5,60,10_19,19
((LH195RR)/(Tx778/Tx151)-B5-06-1-1-B6),10,21,2,170,NEUI,8.5,75,10_21,21
((LH195RR)/(Tx779/Tx780)-B6-04-1-1-B22),10,23,2,171,NEUI,5,60,10_23,23
((GP722)/(Tx777/Tx775)-B5-15-1-1-B28),10,25,2,172,NEUI,8,90,10_25,25
((GP739GTCBLLBL)/((CML288/NC300)-B-9-B1-B-B-B-B-B-B-B-B-1-B8-B7-B17/LH82)-1-2-1),10,27,2,173,NEUI,10,88,10_27,27
LG64C30 (2021),10,29,2,174,NEUI,14,96,10_29,29
((GP474GT-B12-B15-B23)/(Tx779/Tx780)-B6-04-2-2-B6),10,31,2,175,NEUI,5,25,10_31,31
((GP474GT-B12-B15-B23)/(Tx777/Tx775)-B5-37-2-1-1-B12),10,33,2,176,NEUI,7,50,10_33,33
(((Tzi 18/CML 69)/(Tzi 8/Mp313E -B)/(CML 108/A6)/(CML 311/Mp715)-29-2-1-B13)/LH195RR),10,35,2,177,NEUI,9,80,10_35,35
((LH195RR)/(Tx778/Tx151)-B5-04-1-3-1-B14),10,37,2,178,NEUI,12.5,93,10_37,37
((Tx779)/(Tx777/Tx775)-B5-15-1-1-B28),10,39,2,179,NEUI,10,90,10_39,39
((LH195RR)/(Tx778/Tx151)-B5-25-1-2-1-B10),10,41,2,180,NEUI,8,70,10_41,41
((GP474GT-B12-B15-B23)/(CML 108/NC334)/(Tx740/CML 348)/(Tzi 18/Ki3)/(NC334/Hi27)-4-2-1-1-1-B7),11,42,2,181,NEUI,6,55,11_41,41
((Tx779)/(Tx777/Tx775)-B5-12-2-2-1-B14),11,40,2,182,NEUI,7,70,11_39,39
((LH195RR)/{((LAMA2002-23-3-B/LAMA2002-58-4-B)-B-B-2-3-B-B-B-B12//(CML442-B/CML343-B-B-B-B-B-B)-B-B-1-1-B-B)-B5-selfs B28}-14-1),11,38,2,183,NEUI,10,88,11_37,37
((GP737)/(Tx778/Tx151)-B5-04-1-3-1-B14),11,36,2,184,NEUI,14,90,11_35,35
((GP739GTCBLLBL)/(Tx779/Tx780)-B6-04-1-1-B22),11,34,2,185,NEUI,7.5,45,11_33,33
((GP722)/(Tx777/Tx775)-B5-12-2-1-1-B17),11,32,2,186,NEUI,15,98,11_31,31
(((Tx777/Tx775)-B5-12-2-1-B23)/GP724GTCBLL),11,30,2,187,NEUI,9,75,11_29,29
((LH195RR)/(Tx777/Tx775)-B5-12-2-1-1-B17),11,28,2,188,NEUI,8.5,75,11_27,27
(((Tx777/Tx775)-B5-12-2-1-1-B17)/Tx779),11,26,2,189,NEUI,11,95,11_25,25
((LH195RR)/(Tx777/Tx775)-B5-12-2-1-B23),11,24,2,190,NEUI,8,85,11_23,23
((GP737)/(Tx777/Tx775)-B5-39-1-2-1-B6),11,22,2,191,NEUI,7,35,11_21,21
((LH195RR)/(Tx777/Tx775)-B5-37-2-1-1-B12),11,20,2,192,NEUI,7.5,45,11_19,19
((GP722)/(Tx779/Tx780)-B6-04-1-1-B22),11,18,2,193,NEUI,8.5,90,11_17,17
((Tx779)/(Tx779/Tx780)-B6-04-2-2-B6),11,16,2,194,NEUI,6.5,60,11_15,15
((GP739GTCBLLBL)/(Tx778/Tx151)-B5-06-1-1-B8),11,14,2,195,NEUI,13,80,11_13,13
((GP739GTCBLLBL)/(Tx778/Tx151)-B5-04-1-3-1-B14),11,12,2,196,NEUI,15,98,11_11,11
((GP739GTCBLLBL)/(Tx777/Tx775)-B5-12-2-1-1-B17),11,10,2,197,NEUI,13,94,11_9,9
((Tx779)/(Tx777/Tx775)-B5-39-1-2-1-B6),11,8,2,198,NEUI,1,15,11_7,7
((GP722)/(Tx777/Tx775)-B5-12-2-1-B23),11,6,2,199,NEUI,13.5,95,11_5,5
((LH195RR)/((CML269/Tx110)/(CML 311/Tx110)-1-B-B-B-B/DTPWC8F31-1-1-2-2-BBBB-B)-B-B-3-1-B-1-B8-1-B18),11,4,2,200,NEUI,9,90,11_3,3
(((LH195//LAMA2002-58-3-B-B-B-B-B-B-B18)-B3-2-2-1)/Tx779),2,43,1,1,2NII,5,60,2_43,43
(((LAMA2002-58-3-B-B-B-B-B-B-1-B19-B18/LH82)-1-B15-093-B10-1-B9-B1-B)/Tx779),2,45,1,2,2NII,7,90,2_45,45
(((LH195//Tx773)-B3-16-2-B2-B12-1-1-B5)/Tx779),2,47,1,3,2NII,6.5,45,2_47,47
((LH195//LAMA2002-58-3-B-B-B-B-B-B-B18)-B3-9-2-1-1-B13)/Tx779,2,49,1,4,2NII,8,65,2_49,49
(((LAMA2002-58-3-B-B-B-B-B-B-1-B19-B18/PB80)-1-B17-035-B6-B6)/Tx779),2,51,1,5,2NII,4,35,2_51,51
((LH195//LAMA2002-58-3-B-B-B-B-B-B-B18)-B3-2-2-1-B1-B16)/Tx779,2,53,1,6,2NII,6,65,2_53,53
((LH195//LAMA2002-58-3-B-B-B-B-B-B-B18)-B3-1-2-1-B1-B5)/Tx779,2,55,1,7,2NII,7,70,2_55,55
(LH195//LAMA2002-58-3-B-B-B-B-B-B-B18)-B3-3-2-1-B1-B10,2,57,1,8,2NII,10,90,2_57,57
((LH195//LAMA2002-58-3-B-B-B-B-B-B-B18)-B3-2-3-1-B1-B18)/Tx779,2,59,1,9,2NII,10,88,2_59,59
((LH195//LAMA2002-58-3-B-B-B-B-B-B-B18)-B3-1-2-2-B1-B12)/Tx779,2,61,1,10,2NII,9,85,2_61,61
((LH195//LAMA2002-58-3-B-B-B-B-B-B-B18)-B3-2-3-1-B1-B18)/Tx779,2,63,1,11,2NII,8,75,2_63,63
((LH195//Tx773)-B3-03-2-2-B7-1-B1-B9)/Tx779,2,65,1,12,2NII,9,70,2_65,65
(((LH195//LAMA2002-58-3-B-B-B-B-B-B-B18)-B3-1-2-1-B1)/Tx779),2,67,1,13,2NII,12,95,2_67,67
((LH195//LAMA2002-58-3-B-B-B-B-B-B-B18)-B3-5-3-1-1-B20)/Tx779,2,69,1,14,2NII,10,88,2_69,69
LG68C88 (2021),2,71,1,15,2NII,14,96,2_71,71
DKC67-44 (2021),2,73,1,16,2NII,15,98,2_73,73
((GEMS-0032-B11)/Tx779),2,75,1,17,2NII,9,60,2_75,75
(((LAMA2002-58-3-B-B-B-B-B-B-1-B19-B18/LH82)-1-B15-094-B4-1-B2-B1-B)/Tx779),2,77,1,18,2NII,NA,NA,2_77,77
((LAMA2002-58-3-B-B-B-B-B-B-1-B19-B18-B12-B12-B12)/Tx779),2,79,1,19,2NII,NA,NA,2_79,79
(((LH195//LAMA2002-58-3-B-B-B-B-B-B-B18)-B3-selfs B25-34-1-1-B1-B)/Tx779),2,81,1,20,2NII,10,80,2_81,81
((LH195//LAMA2002-58-3-B-B-B-B-B-B-B18)-B3-5-3-1-B1-B8)/Tx779,3,82,1,21,2NII,9,65,3_81,81
(((LAMA2002-58-3-B-B-B-B-B-B-1-B19-B18/LH82)-1-B15-047-B4-1-B9-B1-B)/Tx779),3,80,1,22,2NII,5,15,3_79,79
(((LAMA2002-58-3-B-B-B-B-B-B-1-B19-B18/LH82)-1-B15-108-B2-1-B1-B)/Tx779),3,78,1,23,2NII,8,50,3_77,77
((LAMA2002-58-3-B-B-B-B-B-B-1-B19-B18/PB80)-1-8-1-1-B9)/Tx779,3,76,1,24,2NII,8,60,3_75,75
((LH195//LAMA2002-58-3-B-B-B-B-B-B-B18)-B3-selfs B25-12-1-B1-B10)/Tx779,3,74,1,25,2NII,8,65,3_73,73
((3549-blk22/14-1-B)/Tx779),3,72,1,26,2NII,10,50,3_71,71
(((LAMA2002-58-3-B-B-B-B-B-B-1-B19-B18/PB80)-1-B17-003-B8-1-B5-B1-B)/Tx779),3,70,1,27,2NII,5,30,3_69,69
(((LAMA2002-58-3-B-B-B-B-B-B-1-B19-B18/LH82)-1-B15-097-B8-1-B4-B1-B)/Tx779),3,68,1,28,2NII,10,88,3_67,67
DKC69-99 (2021),3,66,1,29,2NII,14,96,3_65,65
(((LH195//Tx773)-B3-03-1-2-B11-1-B1-B)/Tx779),3,64,1,30,2NII,3,35,3_63,63
((LH195//LAMA2002-58-3-B-B-B-B-B-B-B18)-B3-5-2-B-1-B27)/Tx779,3,62,1,31,2NII,8,65,3_61,61
(((LH195//LAMA2002-58-3-B-B-B-B-B-B-B18)-B3-6-3-1-B1-B)/Tx779),3,60,1,32,2NII,6,40,3_59,59
((((((TX772W/RedStalker-6)//TX772W)///TX772W)-B2////TX772W)-1-B4-B5-1-B14-B10-B11)/LH195RR),3,58,1,33,2NII,9,90,3_57,57
((LH195//LAMA2002-58-3-B-B-B-B-B-B-B18)-B3-4-2-1-B2-B1-B10)/Tx779,3,56,1,34,2NII,6,55,3_55,55
((LAMA2002-58-3-B-B-B-B-B-B-1-B19-B18/LH82)-B5-2-2-1-B20)/Tx779,3,54,1,35,2NII,8,55,3_53,53
(((LH195//Tx773)-B3-13-1-3-B4-1-B3-B1-B)/Tx779),3,52,1,36,2NII,8,65,3_51,51
(((LAMA2002-58-3-B-B-B-B-B-B-1-B19-B18/PB80)-1-B17-019-B4-1-B5-B1-B)/Tx779),3,50,1,37,2NII,10,70,3_49,49
(((LAMA2002-58-3-B-B-B-B-B-B-1-B19-B18/PB80)-1-B17-045-B9-1-B1-B)/Tx779),3,48,1,38,2NII,10,65,3_47,47
(((LH195//LAMA2002-58-3-B-B-B-B-B-B-B18)-B3-1-2-1)/Tx779),3,46,1,39,2NII,9,65,3_45,45
((LAMA2002-58-3-B-B-B-B-B-B-1-B19-B18/LH82)-B5-4-1-1-B20)/Tx779,3,44,1,40,2NII,3,20,3_43,43
(((LH195//LAMA2002-58-3-B-B-B-B-B-B-B18)-B3-5-1-1-B1-B)/Tx779),4,43,1,41,2NII,10,70,4_43,43
((LAMA2002-58-3-B-B-B-B-B-B-1-B19-B18/LH82)-B5-9-1-1-B19)/Tx779,4,45,1,42,2NII,4,35,4_45,45
((LH195//LAMA2002-58-3-B-B-B-B-B-B-B18)-B3-1-1-1-B3-B1-B14)/Tx779,4,47,1,43,2NII,6,45,4_47,47
((LH195//LAMA2002-58-3-B-B-B-B-B-B-B18)-B3-6-2-1-B1-B12)/Tx779,4,49,1,44,2NII,6,45,4_49,49
((LH195//LAMA2002-58-3-B-B-B-B-B-B-B18)-B3-3-B4-1-B1-B15)/Tx779,4,51,1,45,2NII,6,47,4_51,51
(((LH195//Tx773)-B3-02-1-3-B11-1-B3-B1-B)/Tx779),4,53,1,46,2NII,6,50,4_53,53
((LH195//LAMA2002-58-3-B-B-B-B-B-B-B18)-B3-5-2-1-B1-B11)/Tx779,4,55,1,47,2NII,5,35,4_55,55
(((LH195//Tx773)-B3-17-2-1-B6-1-B1-B)/Tx779),4,57,1,48,2NII,10,70,4_57,57
((LAMA2002-58-3-B-B-B-B-B-B-1-B19-B18/PB80)-1-B17-041-B8-1-B3-B1-B10)/Tx779,4,59,1,49,2NII,7,50,4_59,59
((LH195//LAMA2002-58-3-B-B-B-B-B-B-B18)-B3-1-2-1-B1-B10)/Tx779,4,61,1,50,2NII,8,60,4_61,61
((LAMA2002-58-3-B-B-B-B-B-B-1-B19-B18/LH82)-B5-7-1-1-B17)/Tx779,4,63,1,51,2NII,7,45,4_63,63
(((LH195//LAMA2002-58-3-B-B-B-B-B-B-B18)-B3-5-1-1)/Tx779),4,65,1,52,2NII,6,30,4_65,65
(((LH195//LAMA2002-58-3-B-B-B-B-B-B-B18)-B3-1-4-1-B3-B1-B)/Tx779),4,67,1,53,2NII,10.5,89,4_67,67
((LH195//LAMA2002-58-3-B-B-B-B-B-B-B18)-B3-1-2-1-B1-B36)/Tx779,4,69,1,54,2NII,12,92,4_69,69
((((((TX772W/RedStalker-6)//TX772W)///TX772W)-B2////TX772W)-1-B4-B5-1-B14-B10-B11)/LH195RR),4,71,1,55,2NII,5,35,4_71,71
((LAMA2002-58-3-B-B-B-B-B-B-1-B19-B18/LH82)-B5-1-2-1-B11)/Tx779,4,73,1,56,2NII,6,45,4_73,73
(((LH195//Tx773)-B3-16-2-B2-B12-B13-1-B1-B)/Tx779),4,75,1,57,2NII,8,70,4_75,75
(((LH195//Tx773)-B3-16-2-B2-B12-1-1-B5)/Tx779),4,77,1,58,2NII,9,70,4_77,77
((LH195//LAMA2002-58-3-B-B-B-B-B-B-B18)-B3-2-1-1-B1-B20)/Tx779,4,79,1,59,2NII,6,35,4_79,79
BH8721VT2P (2021),4,81,1,60,2NII,NA,NA,4_81,81
((LAMA2002-58-3-B-B-B-B-B-B-1-B19-B18/PB80)-1-1-2-1-B12)/Tx779,5,82,1,61,2NII,8,70,5_81,81
(PB80-B18-B9-B34)/Tx779,5,80,1,62,2NII,10,88,5_79,79
((3989-sib22/16-B9)/Tx779),5,78,1,63,2NII,9,60,5_77,77
(((LH195//LAMA2002-58-3-B-B-B-B-B-B-B18)-B3-6-2-1)/Tx779),5,76,1,64,2NII,9,75,5_75,75
(((LH195//LAMA2002-58-3-B-B-B-B-B-B-B18)-B3-3-B3-1-1-B)/Tx779),5,74,1,65,2NII,9,70,5_73,73
(((LAMA2002-58-3-B-B-B-B-B-B-1-B19-B18/LH82)-1-B15-100-B11-1-1-B5)/Tx779),5,72,1,66,2NII,7,60,5_71,71
((GEMS-0243_CML287:S15-1-B4-1-B)/Tx779),5,70,1,67,2NII,8,65,5_69,69
(((LAMA2002-58-3-B-B-B-B-B-B-1-B19-B18/LH82)-1-B15-001-B5-1-B10-B1-B)/Tx779),5,68,1,68,2NII,5,20,5_67,67
((LH195//Tx773)-B3-26-1-2-B8-1-B1-B1-B26)/Tx779,5,66,1,69,2NII,5,30,5_65,65
((WF18 Red Stalker inbred)/Tx779),5,64,1,70,2NII,8,65,5_63,63
(((LH195//Tx773)-B3-05-1-2-B10-1-B1-B)/Tx779),5,62,1,71,2NII,10,70,5_61,61
(((LAMA2002-58-3-B-B-B-B-B-B-1-B19-B18/LH82)-1-B15-008-B11-1-B6)/Tx779),5,60,1,72,2NII,7,35,5_59,59
((LAMA2002-58-3-B-B-B-B-B-B-1-B19-B18/PB80)-1-2-1-1-B16)/Tx779,5,58,1,73,2NII,7,50,5_57,57
(LH195-B19-B16-B19-B90)/Tx779,5,56,1,74,2NII,12,92,5_55,55
((LH195//LAMA2002-58-3-B-B-B-B-B-B-B18)-B3-4-3-1-B1-B11)/Tx779,5,54,1,75,2NII,5,25,5_53,53
(((LH195//LAMA2002-58-3-B-B-B-B-B-B-B18)-B3-2-2-1-B1-B)/Tx779),5,52,1,76,2NII,8,60,5_51,51
(((LH195//Tx773)-B3-08-1-1-B10-B8-B4-B1-B)/Tx779),5,50,1,77,2NII,7,55,5_49,49
(((LAMA2002-58-3-B-B-B-B-B-B-1-B19-B18/LH82)-1-B15-022-B3-B4-B1-B)/Tx779),5,48,1,78,2NII,10,75,5_47,47
(((LH195//LAMA2002-58-3-B-B-B-B-B-B-B18)-B3-4-3-1-B1-B)/Tx779),5,46,1,79,2NII,8,65,5_45,45
(((LAMA2002-58-3-B-B-B-B-B-B-1-B19-B18/LH82)-1-B15-095-B5-1-B2)/Tx779),5,44,1,80,2NII,6.5,50,5_43,43
(({(LH195//LAMA2002-58-3-B-B-B-B-B-B-B18)-B3-selfs B25}-10-1-B3-B1)/Tx779),6,43,1,81,2NII,11,70,6_43,43
(((LH195//LAMA2002-58-3-B-B-B-B-B-B-B18)-B3-5-1-B)/Tx779),6,45,1,82,2NII,10,75,6_45,45
(((LH195//LAMA2002-58-3-B-B-B-B-B-B-B18)-B3-6-2-1-B1-B)/Tx779),6,47,1,83,2NII,10,75,6_47,47
(((LH195//Tx773)-B3-13-1-4-B8-1-B2-B1-B)/Tx779),6,49,1,84,2NII,5,30,6_49,49
((LAMA2002-58-3-B-B-B-B-B-B-1-B19-B18/LH82)-B5-6-1-1-B15)/Tx779,6,51,1,85,2NII,10,88,6_51,51
((LAMA2002-58-3-B-B-B-B-B-B-1-B19-B18/LH82)-B5-3-2-1-B20)/Tx779,6,53,1,86,2NII,8,50,6_53,53
((((((TX772W/RedStalker-6)//TX772W)///TX772W)-B2////TX772W)-1-B4-B5-1-B14-B10-B11)/LH195RR),6,55,1,87,2NII,7,45,6_55,55
((LH195//LAMA2002-58-3-B-B-B-B-B-B-B18)-B3-2-1-1-B1-B14)/Tx779,6,57,1,88,2NII,4.5,35,6_57,57
(((LAMA2002-58-3-B-B-B-B-B-B-1-B19-B18/PB80)-1-B17-001-B5-1-B4)/Tx779),6,59,1,89,2NII,7,50,6_59,59
(((LH195//LAMA2002-58-3-B-B-B-B-B-B-B18)-B3-3-3-B)/Tx779),6,61,1,90,2NII,8,70,6_61,61
((LH195//LAMA2002-58-3-B-B-B-B-B-B-B18)-B3-1-3-1-B1-B19)/Tx779,6,63,1,91,2NII,5,35,6_63,63
(((LH195//Tx773)-B3-09-1-1-B4-1-1-B1-B)/Tx779),6,65,1,92,2NII,9,60,6_65,65
(({(LH195//LAMA2002-58-3-B-B-B-B-B-B-B18)-B3-selfs B25}-30-1-B2)/Tx779),6,67,1,93,2NII,6.5,40,6_67,67
(LH82-B10-B4-B13-B73)/Tx779,6,69,1,94,2NII,NA,NA,6_69,69
LG64C30 (2021),6,71,1,95,2NII,12,92,6_71,71
(((LH195//LAMA2002-58-3-B-B-B-B-B-B-B18)-B3-2-B7-B5-B1-B)/Tx779),6,73,1,96,2NII,7,50,6_73,73
((LH195//Tx773)-B3-15-1-3-B7-1-B1-B12)/Tx779,6,75,1,97,2NII,7,45,6_75,75
(((LH195//LAMA2002-58-3-B-B-B-B-B-B-B18)-B3-7-2-1-B1-B)/Tx779),6,77,1,98,2NII,10,70,6_77,77
((LH195//LAMA2002-58-3-B-B-B-B-B-B-B18)-B3-1-1-1-B1-B18)/Tx779,6,79,1,99,2NII,9,70,6_79,79
((3945-sib17/16-B17)/Tx779),6,81,1,100,2NII,9,60,6_81,81
(((LH195//LAMA2002-58-3-B-B-B-B-B-B-B18)-B3-2-2-1)/Tx779),7,82,2,101,2NII,10,70,7_81,81
((LH195//LAMA2002-58-3-B-B-B-B-B-B-B18)-B3-2-2-1-B1-B16)/Tx779,7,80,2,102,2NII,9,55,7_79,79
(((LAMA2002-58-3-B-B-B-B-B-B-1-B19-B18/LH82)-1-B15-022-B3-B4-B1-B)/Tx779),7,78,2,103,2NII,10,60,7_77,77
DKC69-99 (2021),7,76,2,104,2NII,12,92,7_75,75
((LH195//LAMA2002-58-3-B-B-B-B-B-B-B18)-B3-2-1-1-B1-B14)/Tx779,7,74,2,105,2NII,6,40,7_73,73
(((LH195//LAMA2002-58-3-B-B-B-B-B-B-B18)-B3-7-2-1-B1-B)/Tx779),7,72,2,106,2NII,8,65,7_71,71
(((LH195//Tx773)-B3-16-2-B2-B12-1-1-B5)/Tx779),7,70,2,107,2NII,9,65,7_69,69
((LH195//LAMA2002-58-3-B-B-B-B-B-B-B18)-B3-1-1-1-B1-B18)/Tx779,7,68,2,108,2NII,7,65,7_67,67
(({(LH195//LAMA2002-58-3-B-B-B-B-B-B-B18)-B3-selfs B25}-10-1-B3-B1)/Tx779),7,66,2,109,2NII,9.5,70,7_65,65
((LH195//LAMA2002-58-3-B-B-B-B-B-B-B18)-B3-1-3-1-B1-B19)/Tx779,7,64,2,110,2NII,6.5,30,7_63,63
(((LH195//LAMA2002-58-3-B-B-B-B-B-B-B18)-B3-3-2-1-B1-B)/Tx779),7,62,2,111,2NII,8,40,7_61,61
(((LH195//Tx773)-B3-05-1-2-B10-1-B1-B)/Tx779),7,60,2,112,2NII,10,70,7_59,59
(((LH195//Tx773)-B3-13-1-4-B8-1-B2-B1-B)/Tx779),7,58,2,113,2NII,6,40,7_57,57
((LAMA2002-58-3-B-B-B-B-B-B-1-B19-B18/LH82)-B5-7-1-1-B17)/Tx779,7,56,2,114,2NII,8,85,7_55,55
((3989-sib22/16-B9)/Tx779),7,54,2,115,2NII,6,40,7_53,53
((LAMA2002-58-3-B-B-B-B-B-B-1-B19-B18/PB80)-1-8-1-1-B9)/Tx779,7,52,2,116,2NII,6,50,7_51,51
(((LH195//LAMA2002-58-3-B-B-B-B-B-B-B18)-B3-3-B3-1-1-B)/Tx779),7,50,2,117,2NII,9,70,7_49,49
(((LAMA2002-58-3-B-B-B-B-B-B-1-B19-B18/PB80)-1-B17-035-B6-B6)/Tx779),7,48,2,118,2NII,6,45,7_47,47
((LH195//Tx773)-B3-02-1-2-B15-1-B1-B11)/Tx779,7,46,2,119,2NII,5.5,20,7_45,45
((LH195//LAMA2002-58-3-B-B-B-B-B-B-B18)-B3-5-3-1-B1-B8)/Tx779,7,44,2,120,2NII,8,60,7_43,43
((LH195//LAMA2002-58-3-B-B-B-B-B-B-B18)-B3-2-2-1-B1-B13)/Tx779,8,43,2,121,2NII,10,60,8_43,43
((LH195//Tx773)-B3-26-1-2-B8-1-B1-B1-B26)/Tx779,8,45,2,122,2NII,5,25,8_45,45
(((LAMA2002-58-3-B-B-B-B-B-B-1-B19-B18/LH82)-1-B15-047-B4-1-B9-B1-B)/Tx779),8,47,2,123,2NII,4.5,30,8_47,47
((LH195//LAMA2002-58-3-B-B-B-B-B-B-B18)-B3-1-2-1-B1-B10)/Tx779,8,49,2,124,2NII,5.5,40,8_49,49
(((LH195//LAMA2002-58-3-B-B-B-B-B-B-B18)-B3-selfs B25-34-1-1-B1-B)/Tx779),8,51,2,125,2NII,8,70,8_51,51
LG68C88 (2021),8,53,2,126,2NII,13,94,8_53,53
(((LAMA2002-58-3-B-B-B-B-B-B-1-B19-B18/PB80)-1-B17-045-B9-1-B1-B)/Tx779),8,55,2,127,2NII,9,75,8_55,55
((LAMA2002-58-3-B-B-B-B-B-B-1-B19-B18/LH82)-B5-6-1-1-B15)/Tx779,8,57,2,128,2NII,10,88,8_57,57
(((LH195//LAMA2002-58-3-B-B-B-B-B-B-B18)-B3-1-4-1-B3-B1-B)/Tx779),8,59,2,129,2NII,10,90,8_59,59
(((LAMA2002-58-3-B-B-B-B-B-B-1-B19-B18/LH82)-1-B15-001-B5-1-B10-B1-B)/Tx779),8,61,2,130,2NII,6,55,8_61,61
((LAMA2002-58-3-B-B-B-B-B-B-1-B19-B18/LH82)-B5-2-2-1-B20)/Tx779,8,63,2,131,2NII,6.5,50,8_63,63
((LH195//LAMA2002-58-3-B-B-B-B-B-B-B18)-B3-1-1-1-B3-B1-B14)/Tx779,8,65,2,132,2NII,7,55,8_65,65
(({(LH195//LAMA2002-58-3-B-B-B-B-B-B-B18)-B3-selfs B25}-34-1-1)/Tx779),8,67,2,133,2NII,7,65,8_67,67
((GEMS-0243_CML287:S15-1-B4-1-B)/Tx779),8,69,2,134,2NII,7,65,8_69,69
(((LAMA2002-58-3-B-B-B-B-B-B-1-B19-B18/LH82)-1-B15-097-B8-1-B4-B1-B)/Tx779),8,71,2,135,2NII,10,90,8_71,71
(((LH195//LAMA2002-58-3-B-B-B-B-B-B-B18)-B3-2-2-1)/Tx779),8,73,2,136,2NII,6,30,8_73,73
(((LH195//LAMA2002-58-3-B-B-B-B-B-B-B18)-B3-3-3-1)/Tx779),8,75,2,137,2NII,4.5,20,8_75,75
((LH195//LAMA2002-58-3-B-B-B-B-B-B-B18)-B3-1-2-1-B1-B36)/Tx779,8,77,2,138,2NII,12,92,8_77,77
(((LH195//LAMA2002-58-3-B-B-B-B-B-B-B18)-B3-6-1-1)/Tx779),8,79,2,139,2NII,10,70,8_79,79
((LAMA2002-58-3-B-B-B-B-B-B-1-B19-B18/PB80)-1-B17-065-B4-1-B1-B1-B14)/Tx779,8,81,2,140,2NII,5,40,8_81,81
((LH195//LAMA2002-58-3-B-B-B-B-B-B-B18)-B3-5-2-B-1-B27)/Tx779,9,82,2,141,2NII,10,70,9_81,81
(LH195-B19-B16-B19-B90)/Tx779,9,80,2,142,2NII,10,88,9_79,79
(({(LH195//LAMA2002-58-3-B-B-B-B-B-B-B18)-B3-selfs B25}-30-1-B2)/Tx779),9,78,2,143,2NII,7,60,9_77,77
(((LH195//Tx773)-B3-02-1-3-B11-1-B3-B1-B)/Tx779),9,76,2,144,2NII,7,40,9_75,75
((3945-sib17/16-B17)/Tx779),9,74,2,145,2NII,6.5,45,9_73,73
((LH195//Tx773)-B3-17-1-B2-B7-B1-B8)/Tx779,9,72,2,146,2NII,9,60,9_71,71
(((LH195//LAMA2002-58-3-B-B-B-B-B-B-B18)-B3-5-1-B)/Tx779),9,70,2,147,2NII,11,95,9_69,69
(((LH195//LAMA2002-58-3-B-B-B-B-B-B-B18)-B3-6-2-1)/Tx779),9,68,2,148,2NII,10,75,9_67,67
((LAMA2002-58-3-B-B-B-B-B-B-1-B19-B18/LH82)-B5-3-2-1-B20)/Tx779,9,66,2,149,2NII,8,55,9_65,65
((WF18 Red Stalker inbred)/Tx779),9,64,2,150,2NII,9.5,60,9_63,63
((LH195//LAMA2002-58-3-B-B-B-B-B-B-B18)-B3-3-B4-1-B1-B15)/Tx779,9,62,2,151,2NII,4,15,9_61,61
(((LH195//LAMA2002-58-3-B-B-B-B-B-B-B18)-B3-6-3-1-B1-B)/Tx779),9,60,2,152,2NII,6,40,9_59,59
((LH195//LAMA2002-58-3-B-B-B-B-B-B-B18)-B3-5-2-1-B1-B11)/Tx779,9,58,2,153,2NII,6,20,9_57,57
((LAMA2002-58-3-B-B-B-B-B-B-1-B19-B18/LH82)-B5-4-1-1-B20)/Tx779,9,56,2,154,2NII,4,20,9_55,55
(((LAMA2002-58-3-B-B-B-B-B-B-1-B19-B18/LH82)-1-B15-095-B5-1-B2)/Tx779),9,54,2,155,2NII,5,35,9_53,53
((LAMA2002-58-3-B-B-B-B-B-B-1-B19-B18/PB80)-1-B17-041-B8-1-B3-B1-B10)/Tx779,9,52,2,156,2NII,7,30,9_51,51
(((LH195//Tx773)-B3-08-1-1-B10-B8-B4-B1-B)/Tx779),9,50,2,157,2NII,7,45,9_49,49
(((LH195//Tx773)-B3-23-1-2-B10-1-B2)/Tx779),9,48,2,158,2NII,7.5,55,9_47,47
(((LAMA2002-58-3-B-B-B-B-B-B-1-B19-B18/PB80)-1-B17-001-B5-1-B4)/Tx779),9,46,2,159,2NII,6,40,9_45,45
(((LH195//LAMA2002-58-3-B-B-B-B-B-B-B18)-B3-5-1-1)/Tx779),9,44,2,160,2NII,5.5,45,9_43,43
((LAMA2002-58-3-B-B-B-B-B-B-1-B19-B18/PB80)-1-2-1-1-B16)/Tx779,10,43,2,161,2NII,7,45,10_43,43
((3549-blk22/14-1-B)/Tx779),10,45,2,162,2NII,7,55,10_45,45
((LAMA2002-58-3-B-B-B-B-B-B-1-B19-B18/LH82)-B5-9-1-1-B19)/Tx779,10,47,2,163,2NII,5,13,10_47,47
((LAMA2002-58-3-B-B-B-B-B-B-1-B19-B18-B12-B12-B12)/Tx779),10,49,2,164,2NII,5.5,17,10_49,49
(((LH195//Tx773)-B3-17-2-1-B6-1-B1-B)/Tx779),10,51,2,165,2NII,8,60,10_51,51
(((LAMA2002-58-3-B-B-B-B-B-B-1-B19-B18/LH82)-1-B15-008-B11-1-B6)/Tx779),10,53,2,166,2NII,7,30,10_53,53
(((LH195//LAMA2002-58-3-B-B-B-B-B-B-B18)-B3-2-2-1-B1-B)/Tx779),10,55,2,167,2NII,8.5,65,10_55,55
(((LH195//Tx773)-B3-13-1-3-B4-1-B3-B1-B)/Tx779),10,57,2,168,2NII,10,70,10_57,57
((LH195//LAMA2002-58-3-B-B-B-B-B-B-B18)-B3-4-2-1-B2-B1-B10)/Tx779,10,59,2,169,2NII,8,65,10_59,59
BH8721VT2P (2021),10,61,2,170,2NII,13,94,10_61,61
((LAMA2002-58-3-B-B-B-B-B-B-1-B19-B18/PB80)-1-1-2-1-B12)/Tx779,10,63,2,171,2NII,9,75,10_63,63
(LH82-B10-B4-B13-B73)/Tx779,10,65,2,172,2NII,NA,NA,10_65,65
((LAMA2002-58-3-B-B-B-B-B-B-1-B19-B18/PB80)-1-B17-035-B6-1-B1-B13)/Tx779,10,67,2,173,2NII,7.5,50,10_67,67
(((LH195//LAMA2002-58-3-B-B-B-B-B-B-B18)-B3-2-2-1)/Tx779),10,69,2,174,2NII,7,50,10_69,69
(((LAMA2002-58-3-B-B-B-B-B-B-1-B19-B18/LH82)-1-B15-108-B2-1-B1-B)/Tx779),10,71,2,175,2NII,7,50,10_71,71
((LH195//Tx773)-B3-15-1-3-B7-1-B1-B12)/Tx779,10,73,2,176,2NII,5,40,10_73,73
(((LAMA2002-58-3-B-B-B-B-B-B-1-B19-B18/PB80)-1-B17-003-B8-1-B5-B1-B)/Tx779),10,75,2,177,2NII,5,35,10_75,75
((LH195//LAMA2002-58-3-B-B-B-B-B-B-B18)-B3-2-3-1-B1-B18)/Tx779,10,77,2,178,2NII,9,60,10_77,77
(((LH195//Tx773)-B3-03-2-B2-B6-1-B3-B1-B)/Tx779),10,79,2,179,2NII,10.5,65,10_79,79
(((LH195//LAMA2002-58-3-B-B-B-B-B-B-B18)-B3-4-3-1-B1-B)/Tx779),10,81,2,180,2NII,10,75,10_81,81
((LH195//LAMA2002-58-3-B-B-B-B-B-B-B18)-B3-5-3-1-1-B20)/Tx779,11,82,2,181,2NII,10,80,11_81,81
((LH195//LAMA2002-58-3-B-B-B-B-B-B-B18)-B3-4-3-1-B1-B11)/Tx779,11,80,2,182,2NII,5,25,11_79,79
(((LH195//Tx773)-B3-16-2-B2-B12-1-1-B5)/Tx779),11,78,2,183,2NII,9,60,11_77,77
((WF18 Red Stalker inbred)/Tx779),11,76,2,184,2NII,11.5,55,11_75,75
(((LH195//Tx773)-B3-16-2-B2-B12-B13-1-B1-B)/Tx779),11,74,2,185,2NII,10,65,11_73,73
(((LH195//LAMA2002-58-3-B-B-B-B-B-B-B18)-B3-1-2-1)/Tx779),11,72,2,186,2NII,9,65,11_71,71
DKC67-44 (2021),11,70,2,187,2NII,14,96,11_69,69
(((LAMA2002-58-3-B-B-B-B-B-B-1-B19-B18/LH82)-1-B15-093-B10-1-B9-B1-B)/Tx779),11,68,2,188,2NII,10,88,11_67,67
(((LH195//Tx773)-B3-03-1-2-B11-1-B1-B)/Tx779),11,66,2,189,2NII,2,12,11_65,65
(((LAMA2002-58-3-B-B-B-B-B-B-1-B19-B18/PB80)-1-B17-019-B4-1-B5-B1-B)/Tx779),11,64,2,190,2NII,7,45,11_63,63
((LH195//LAMA2002-58-3-B-B-B-B-B-B-B18)-B3-1-2-1-B1-B5)/Tx779,11,62,2,191,2NII,8,75,11_61,61
((GEMS-0032-B14)/Tx779),11,60,2,192,2NII,9,65,11_59,59
(((LH195//LAMA2002-58-3-B-B-B-B-B-B-B18)-B3-6-2-1)/Tx779),11,58,2,193,2NII,11.5,70,11_57,57
((LH195//LAMA2002-58-3-B-B-B-B-B-B-B18)-B3-selfs B25-12-1-B1-B10)/Tx779,11,56,2,194,2NII,9,45,11_55,55
LG64C30 (2021),11,54,2,195,2NII,NA,NA,11_53,53
((LH195//LAMA2002-58-3-B-B-B-B-B-B-B18)-B3-2-1-1-B1-B20)/Tx779,11,52,2,196,2NII,5,35,11_51,51
(((LH195//Tx773)-B3-09-1-1-B4-1-1-B1-B)/Tx779),11,50,2,197,2NII,7,45,11_49,49
((LH195//LAMA2002-58-3-B-B-B-B-B-B-B18)-B3-2-3-1-B1-B18)/Tx779,11,48,2,198,2NII,8,85,11_47,47
(((LAMA2002-58-3-B-B-B-B-B-B-1-B19-B18/LH82)-1-B15-094-B4-1-B2-B1-B)/Tx779),11,46,2,199,2NII,6.5,50,11_45,45
(PB80-B18-B9-B34)/Tx779,11,44,2,200,2NII,12,92,11_43,43
((GP724GTCBLL)/((LAMA2002-23-3-B/LAMA2002-58-4-B)-B-B-2-3-B-B-B-1-B23-B5-B27/X/Argnetine Flinty Composite-C(1)-37-B-B-B2-1-B25)/((LAMA2002-23-3-B/LAMA2002-58-4-B)-B-B-2-3-B-B-B-1-B23-B5-B27/X/Tx772-B-B-B-B-B-B8-B29-B16)-1-3-1),12,3,1,1,INEW,6,40,12_3,3
((GEMS-0244_CML287:S15-B5-1-B9)/Tx779),12,5,1,2,INEW,7,45,12_5,5
((Tx781 /Tx790)-B2-1-B24)/Tx779,12,7,1,3,INEW,8.5,50,12_7,7
((((B104-1 x Tx714-B/B110 x FR2128-B)-12-4-B-B-B-B/SCR82-B)-B-B-1-B-B-B2-1-1-B15-B17-B20-B24-1-B10-B14)/(LAMA2002-22-1-B-B-B-B/LAMA2002-1-5-B-B-B-B)-2-1-B-1-1-1-B19-B18-B3-B?-1-B18-B14),12,9,1,4,INEW,10,75,12_9,9
(((((LAMA2002-22-1-B-B-B-B/LAMA2002-1-5-B-B-B-B)-2-1-B-1-1-1-BB/X/(LAMA2002-23-3-B/LAMA2002-58-4-B)-B-B-2-3-B-B-B-1-B23-B5-B27-B15)/((LAMA2002-23-3-B/LAMA2002-58-4-B)-B-B-2-3-B-B-B-1-B23-B5-B27/X/(Tx741);LAMA2002-42-B-B-B-B-B3-1-B12-B11))-11-1-1-B13)/LH19,12,11,1,5,INEW,8,80,12_11,11
((GP474GT-B12-B15-B23)/((LAMA2002-23-3-B/LAMA2002-58-4-B)-B-B-2-3-B-B-B-1-B23-B5-B27/X/Argnetine Flinty Composite-C(1)-37-B-B-B2-1-B25)/((LAMA2002-23-3-B/LAMA2002-58-4-B)-B-B-2-3-B-B-B-1-B23-B5-B27/X/Tx772-B-B-B-B-B-B8-B29-B16)-1-3-1),12,13,1,6,INEW,8,85,12_13,13
((((LAMA2002-23-3-B/LAMA2002-58-4-B)-B-B-2-3-B-B-B-1-B23-B5-B27/X/Argnetine Flinty Composite-C(1)-37-B-B-B2-1-B25)/((LAMA2002-23-3-B/LAMA2002-58-4-B)-B-B-2-3-B-B-B-1-B23-B5-B27/X/Tx772-B-B-B-B-B-B8-B29-B16)-1-2-1-B1-B7)/LH195RR),12,15,1,7,INEW,10,88,12_15,15
((((Tx781 /Tx790))/(Tx781 /Tx784))-1-B15)/Tx779,12,17,1,8,INEW,3,10,12_17,17
(((LAMA2002-23-3-B/LAMA2002-58-4-B)-B-B-2-3-B-B-B-1-B23-B5-B27/X/Tx772-B-B-B-B-B-B8-B29-B16)/((LAMA2002-22-1-B-B-B-B/LAMA2002-1-5-B-B-B-B)-2-1-B-1-1-1-BB/X/(LAMA2002-23-3-B/LAMA2002-58-4-B)-B-B-2-3-B-B-B-B12-B5-B24)-B-2-1-4-1-B26)/Tx779,12,19,1,9,INEW,NA,NA,12_19,19
(((CML 108/Mp715)/(A6 /Tzi 8)/(Tzi 18/Ki3)/(NC334/Hi27)-238-1-1-2-1-1)/Tx779),12,21,1,10,INEW,4,20,12_21,21
((((LAMA2002-23-3-B/LAMA2002-58-4-B)-B-B-2-3-B-B-B-1-B23-B5-B27/X/Argnetine Flinty Composite-C(1)-37-B-B-B2-1-B25)/((LAMA2002-23-3-B/LAMA2002-58-4-B)-B-B-2-3-B-B-B-1-B23-B5-B27/X/Tx772-B-B-B-B-B-B8-B29-B16)-1-3-1)/LH195RR),12,23,1,11,INEW,7,60,12_23,23
((Tx781 /Tx793)-B4-2-B16)/Tx779,12,25,1,12,INEW,9,60,12_25,25
((GP739GTCBLLBL)/(LAMA2002-12-1-B/(CML 325/B104)-B-1-B-B-B-B)-B-B2-3-2-B-B-B-1-B--B2-B26-B13-1-B6-B15),12,27,1,13,INEW,10,70,12_27,27
DKC67-44 (2021),12,29,1,14,INEW,13,94,12_29,29
((Tx782; (LAMA2002-12-1-B/(CML 325/B104)-B-1-B-B-B-B)-B-B2-3-2-B-B-B-1-B--B4-B11-B14-B8-B10)/Tx779),12,31,1,15,INEW,7.5,40,12_31,31
((((((B104/NC300)/(CML415/B104))-4-2-B-B-B/LAMA2002-22-3-B-B1)-B-B-B-B-B//Tx775)-B4-09-2-b4-B3-1-1)/Tx779),12,33,1,16,INEW,7,60,12_33,33
((Tx781 /Tx793)-B4-1-B12)/Tx779,12,35,1,17,INEW,5,35,12_35,35
BH8721VT2P (2021),12,37,1,18,INEW,13,94,12_37,37
(((LAMA2002-12-1-B/(CML 325/B104)-B-1-B-B-B-B)-B-B2-3-2-B-B-B-1-B--B2-B26-B13-1-B6-B15)/Tx779),12,39,1,19,INEW,7,35,12_39,39
((((LAMA2002-23-3-B/LAMA2002-58-4-B)-B-B-2-3-B-B-B-1-B23-B5-B27/X/Argnetine Flinty Composite-C(1)-37-B-B-B2-1-B25)/((LAMA2002-23-3-B/LAMA2002-58-4-B)-B-B-2-3-B-B-B-1-B23-B5-B27/X/Tx772-B-B-B-B-B-B8-B29-B16)-1-2-2-B1)/Tx779),12,41,1,20,INEW,9,60,12_41,41
(((CML 108/Mp715)/(A6 /Tzi 8)/(Tzi 18/Ki3)/(NC334/Hi27)-238-1-1-1-B9)/Tx779),13,42,1,21,INEW,4,15,13_41,41
((Tx779)/(Tx777/Tx775)-B5-39-1-2-B14),13,40,1,22,INEW,12,80,13_39,39
((LH195RR)/((LAMA2002-23-3-B/LAMA2002-58-4-B)-B-B-2-3-B-B-B-1-B23-B5-B27/X/Argnetine Flinty Composite-C(1)-37-B-B-B2-1-B25)/((LAMA2002-23-3-B/LAMA2002-58-4-B)-B-B-2-3-B-B-B-1-B23-B5-B27/X/Tx772-B-B-B-B-B-B8-B29-B16)-1-2-B2),13,38,1,23,INEW,14,90,13_37,37
((GP474GT-B12-B15-B23)/((LAMA2002-23-3-B/LAMA2002-58-4-B)-B-B-2-3-B-B-B-1-B23-B5-B27/X/Argnetine Flinty Composite-C(1)-37-B-B-B2-1-B25)/((LAMA2002-23-3-B/LAMA2002-58-4-B)-B-B-2-3-B-B-B-1-B23-B5-B27/X/Tx772-B-B-B-B-B-B8-B29-B16)-1-2-1-B1-B7),13,36,1,24,INEW,8.5,90,13_35,35
((GP739GTCBLLBL)/((LAMA2002-23-3-B/LAMA2002-58-4-B)-B-B-2-3-B-B-B-1-B23-B5-B27/X/Argnetine Flinty Composite-C(1)-37-B-B-B2-1-B25)/((LAMA2002-23-3-B/LAMA2002-58-4-B)-B-B-2-3-B-B-B-1-B23-B5-B27/X/Tx772-B-B-B-B-B-B8-B29-B16)-2-1-B2),13,34,1,25,INEW,11,90,13_33,33
((LH195RR)/((LAMA2002-23-3-B/LAMA2002-58-4-B)-B-B-2-3-B-B-B-1-B23-B5-B27/X/Argnetine Flinty Composite-C(1)-37-B-B-B2-1-B25)/((LAMA2002-23-3-B/LAMA2002-58-4-B)-B-B-2-3-B-B-B-1-B23-B5-B27/X/Tx772-B-B-B-B-B-B8-B29-B16)-2-1-B2),13,32,1,26,INEW,15,98,13_31,31
((Tx777/Tx775)-B5-36-1-1-1-1-B36)/Tx779,13,30,1,27,INEW,6,50,13_29,29
((GP724GTCBLL)/(Tx777/Tx775)-B5-12-2-1-1-B17),13,28,1,28,INEW,10,75,13_27,27
((LH195RR)/((LAMA2002-23-3-B/LAMA2002-58-4-B)-B-B-2-3-B-B-B-1-1//(LAMA2002-35-2-B-B-B-B/CG44)-1-3-B-1-1-B24)-B5-19-4-1-B15),13,26,1,29,INEW,8,70,13_25,25
((((B110/FR2128-B/B104-1/CML343)-B-B-11-B-B-B-B/LAMA2002-42-B-B-B)-B-B-B-B-B-1-B2-1-B22-B17-B4-B27-1-B14)/Tx779),13,24,1,30,INEW,1,8,13_23,23
((Tx781 /Tx790)-B2-2-B7)/Tx779,13,22,1,31,INEW,2,10,13_21,21
((4001-sib17/16-B19)/Tx779),13,20,1,32,INEW,3,25,13_19,19
((Tx777-B50)/GP737),13,18,1,33,INEW,16,99,13_17,17
((((Tx781 /Tx789))/(Tx781 /Tx790))-B17-B10)/Tx779,13,16,1,34,INEW,5,35,13_15,15
((Tx777-B50)/GP722),13,14,1,35,INEW,11,90,13_13,13
((LH195RR)/(LAMA2002-12-1-B/(CML 325/B104)-B-1-B-B-B-B)-B-B2-3-2-B-B-B-1-B--B2-B26-B13-1-B6-B15),13,12,1,36,INEW,7,60,13_11,11
(((Tx777/Tx775)-B5-15-1-1-B28)/GP724GTCBLL),13,10,1,37,INEW,4,35,13_9,9
(((Tzi 18/Mp313E -B)/(CML 311/Mp715)/(CML 108/NC334)/(Tx740/CML 348)-44-1-1-1-B18)/Tx779),13,8,1,38,INEW,6,45,13_7,7
((GP474?BGTCBLL (glyphosate+liberty link+corn borer)-B10-B21)/Tx779),13,6,1,39,INEW,5,40,13_5,5
DKC69-99 (2021),13,4,1,40,INEW,12,85,13_3,3
((GP474GT-B12-B15-B23)/(LAMA2002-12-1-B/(CML 325/B104)-B-1-B-B-B-B)-B-B2-3-2-B-B-B-1-B--B2-B26-B13-1-B6-B15),14,3,1,41,INEW,4,40,14_3,3
((LH195RR)/(((LAMA2002-23-3-B/LAMA2002-58-4-B)-B-B-2-3-B-B-B-1-B23-B5-B27/X/Tx772-B-B-B-B-B-B8-B29-B16)/((LAMA2002-22-1-B-B-B-B/LAMA2002-1-5-B-B-B-B)-2-1-B-1-1-1-BB/X/(LAMA2002-23-3-B/LAMA2002-58-4-B)-B-B-2-3-B-B-B-B12-B5-B24))-5-1-B4),14,5,1,42,INEW,9,75,14_5,5
((((CML269/Tx110)/(CML 311/Tx110)-1-B-B-B-B/DTPWC8F31-1-1-2-2-BBBB-B)-B-B-3-1-B-1-B8-1-B18)/LH195RR),14,7,1,43,INEW,7,60,14_7,7
((Tx779)/(Tx777/Tx775)-B5-12-2-1-1-B17),14,9,1,44,INEW,5,55,14_9,9
(((Tx777/Tx775)-B5-12-2-1-B23)/GP739GTCBLLBL),14,11,1,45,INEW,7,65,14_11,11
((GP474GT-B12-B15-B23)/((LAMA2002-23-3-B/LAMA2002-58-4-B)-B-B-2-3-B-B-B-1-B23-B5-B27/X/Argnetine Flinty Composite-C(1)-37-B-B-B2-1-B25)/((LAMA2002-23-3-B/LAMA2002-58-4-B)-B-B-2-3-B-B-B-1-B23-B5-B27/X/Tx772-B-B-B-B-B-B8-B29-B16)-1-2-B2),14,13,1,46,INEW,7,75,14_13,13
(GT1307-B14-B82)/Tx779,14,15,1,47,INEW,7,50,14_15,15
((((Tx781 /Tx789))/(Tx781 /Tx790))-1-B16)/Tx779,14,17,1,48,INEW,6,40,14_17,17
((((LAMA2002-23-3-B/LAMA2002-58-4-B)-B-B-2-3-B-B-B-1-B23-B5-B27/X/Argnetine Flinty Composite-C(1)-37-B-B-B2-1-B25)/((LAMA2002-23-3-B/LAMA2002-58-4-B)-B-B-2-3-B-B-B-1-B23-B5-B27/X/Tx772-B-B-B-B-B-B8-B29-B16)-3-3-3)/LH195RR),14,19,1,49,INEW,8.5,70,14_19,19
((GP739GTCBLLBL)/((LAMA2002-23-3-B/LAMA2002-58-4-B)-B-B-2-3-B-B-B-1-B23-B5-B27/X/Argnetine Flinty Composite-C(1)-37-B-B-B2-1-B25)/((LAMA2002-23-3-B/LAMA2002-58-4-B)-B-B-2-3-B-B-B-1-B23-B5-B27/X/Tx772-B-B-B-B-B-B8-B29-B16)-1-3-1),14,21,1,50,INEW,9,90,14_21,21
((((LAMA2002-22-1-B-B-B-B/LAMA2002-1-5-B-B-B-B)-2-1-B-1-1-1-BB/X/(LAMA2002-23-3-B/LAMA2002-58-4-B)-B-B-2-3-B-B-B-1-B23-B5-B27-B15)-2-10-2-1-B1-B20)/Tx779),14,23,1,51,INEW,8,70,14_23,23
((LH195RR)/((LAMA2002-23-3-B/LAMA2002-58-4-B)-B-B-2-3-B-B-B-1-B23-B5-B27/X/Argnetine Flinty Composite-C(1)-37-B-B-B2-1-B25)/((LAMA2002-23-3-B/LAMA2002-58-4-B)-B-B-2-3-B-B-B-1-B23-B5-B27/X/Tx772-B-B-B-B-B-B8-B29-B16)-1-2-1-B1-B7),14,25,1,52,INEW,12,90,14_25,25
((GP474GT-B12-B15-B23)/(((LAMA2002-23-3-B/LAMA2002-58-4-B)-B-B-2-3-B-B-B-1-B23-B5-B27/X/Tx772-B-B-B-B-B-B8-B29-B16)/((LAMA2002-22-1-B-B-B-B/LAMA2002-1-5-B-B-B-B)-2-1-B-1-1-1-BB/X/(LAMA2002-23-3-B/LAMA2002-58-4-B)-B-B-2-3-B-B-B-B12-B5-B24))-5-1-B4),14,27,1,53,INEW,6,50,14_27,27
((GP474GT-B12-B15-B23)/((LAMA2002-23-3-B/LAMA2002-58-4-B)-B-B-2-3-B-B-B-1-B23-B5-B27/X/Argnetine Flinty Composite-C(1)-37-B-B-B2-1-B25)/((LAMA2002-23-3-B/LAMA2002-58-4-B)-B-B-2-3-B-B-B-1-B23-B5-B27/X/Tx772-B-B-B-B-B-B8-B29-B16)-2-1-B2),14,29,1,54,INEW,12,85,14_29,29
((LH195RR)/((LAMA2002-23-3-B/LAMA2002-58-4-B)-B-B-2-3-B-B-B-1-1//(LAMA2002-35-2-B-B-B-B/CG44)-1-3-B-1-1-B24)-B5-10-2-1-B9),14,31,1,55,INEW,6,60,14_31,31
(((NC300 x Tx714-B/B104-1/CML343)-2-1-B-B-B-B-B-B-B-B-1-B25-B23-B22-B26-B13)/Tx777-B50),14,33,1,56,INEW,6,50,14_33,33
(((Tx777/Tx775)-B5-15-1-1-B28)/GP739GTCBLLBL),14,35,1,57,INEW,8,60,14_35,35
((((LAMA2002-23-3-B/LAMA2002-58-4-B)-B-B-2-3-B-B-B-1-1//(LAMA2002-35-2-B-B-B-B/CG44)-1-3-B-1-1-B24)-B5-21-3-1-1)/Tx779),14,37,1,58,INEW,7,60,14_37,37
((((B104-1 x Tx714-B/B110 x FR2128-B)-12-4-B-B-B-B/SCR82-B)-B-B-1-B-B-B2-1-1-B15-B17-B17-B6-1-1-B11-1-B23)/Tx779),14,39,1,59,INEW,12,95,14_39,39
(((Tx777/Tx775)-B5-37-2-1-1-B12)/LH195RR),14,41,1,60,INEW,7,65,14_41,41
(((Tx777/Tx775)-B5-12-2-1-1-B17)/LH195RR),15,42,1,61,INEW,9,90,15_41,41
((((B104-1 x Tx714-B/B110 x FR2128-B)-12-4-B-B-B-B/SCR82-B)-B-B-1-B-B-B2-1-1-B15-B17-B17-B6-1-B7-B10)/(LAMA2002-22-1-B-B-B-B/LAMA2002-1-5-B-B-B-B)-2-1-B-1-1-1-B19-B18-B3-B?-1-B18-B14),15,40,1,62,INEW,10,88,15_39,39
((((Tx781 /Tx784))/(Tx792 /Tx781))-1-B14)/Tx779,15,38,1,63,INEW,3.5,15,15_37,37
((GP724GTCBLL)/((((TX772W/RedStalker-6)//TX772W)///TX772W)-B2////TX772W)-1-B4-B5-1-B11-B17),15,36,1,64,INEW,8,85,15_35,35
LG64C30 (2021),15,34,1,65,INEW,9,86,15_33,33
((((LAMA2002-23-3-B/LAMA2002-58-4-B)-B-B-2-3-B-B-B-1-B23-B5-B27/X/Argnetine Flinty Composite-C(1)-37-B-B-B2-1-B25)/((LAMA2002-23-3-B/LAMA2002-58-4-B)-B-B-2-3-B-B-B-1-B23-B5-B27/X/Tx772-B-B-B-B-B-B8-B29-B16)-3-3-2)/LH195RR),15,32,1,66,INEW,8,60,15_31,31
((Tx772/Mp313E)//(Tx740/Mp715)-#-#-(DELAWARE)033#-2-1-1-2-1-B1-1-B22)/Tx779,15,30,1,67,INEW,3,35,15_29,29
((((CML288/NC300)-B-9-B1-B-B-B-B-B-B-B-B-1-B8-B7-B17/LH82)-1-2-1-B11)/Tx779),15,28,1,68,INEW,7,60,15_27,27
((GP474GT-B12-B15-B23)/((LAMA2002-23-3-B/LAMA2002-58-4-B)-B-B-2-3-B-B-B-1-1//(LAMA2002-35-2-B-B-B-B/CG44)-1-3-B-1-1-B24)-B5-10-2-1-B9),15,26,1,69,INEW,6,50,15_25,25
((((((TX772W/RedStalker-6)//TX772W)///TX772W)-B2////TX772W)-1-B4-B5-1-B11-B17)/LH195RR),15,24,1,70,INEW,7,90,15_23,23
((((B104-1 x Tx714-B-B)-23-1-B-B-B-B/(CML288/NC300)-B-9-B1-B-B-B)-B-B-1-1-B-B-B-B-1-B15-1-B5-1-B20)/Tx779),15,22,1,71,INEW,5.5,45,15_21,21
((LH195RR)/((((TX772W/RedStalker-6)//TX772W)///TX772W)-B2////TX772W)-1-B4-B5-1-B11-B17),15,20,1,72,INEW,NA,NA,15_19,19
((GP739GTCBLLBL)/((LAMA2002-23-3-B/LAMA2002-58-4-B)-B-B-2-3-B-B-B-1-1//(LAMA2002-35-2-B-B-B-B/CG44)-1-3-B-1-1-B24)-B5-10-2-1-B9),15,18,1,73,INEW,9,55,15_17,17
(((Tx777/Tx775)-B5-12-2-2-B18-B11-B10)/Tx779),15,16,1,74,INEW,6,85,15_15,15
((((LAMA2002-23-3-B/LAMA2002-58-4-B)-B-B-2-3-B-B-B-1-1//(LAMA2002-35-2-B-B-B-B/CG44)-1-3-B-1-1-B24)-B5-10-2-1-1)/Tx779),15,14,1,75,INEW,7,45,15_13,13
((LH195 exPVP)/(((LAMA2002-22-1-B-B-B-B/LAMA2002-1-5-B-B-B-B)-2-1-B-1-1-1-BB/X/(LAMA2002-23-3-B/LAMA2002-58-4-B)-B-B-2-3-B-B-B-1-B23-B5-B27-B15)/((LAMA2002-23-3-B/LAMA2002-58-4-B)-B-B-2-3-B-B-B-1-B23-B5-B27/X/(Tx741);LAMA2002-42-B-B-B-B-B3-1-B12-B11))-11-,15,12,1,76,INEW,8,75,15_11,11
(((PI 498703-3/ PI 390554-1)-OPB-B4-1-B10-B8-B2-1)/Tx779),15,10,1,77,INEW,3,20,15_9,9
((GP739GTCBLLBL)/(((LAMA2002-23-3-B/LAMA2002-58-4-B)-B-B-2-3-B-B-B-1-B23-B5-B27/X/Tx772-B-B-B-B-B-B8-B29-B16)/((LAMA2002-22-1-B-B-B-B/LAMA2002-1-5-B-B-B-B)-2-1-B-1-1-1-BB/X/(LAMA2002-23-3-B/LAMA2002-58-4-B)-B-B-2-3-B-B-B-B12-B5-B24))-5-1-B4),15,8,1,78,INEW,6,30,15_7,7
(Argnetine Flinty Composite-C(1)-37-B-B-B2-1-B25-B2-B?-1-B-B9-B26)/Tx779,15,6,1,79,INEW,6,95,15_5,5
((((LAMA2002-22-1-B-B-B-B/LAMA2002-1-5-B-B-B-B)-2-1-B-1-1-1-BB/X/(LAMA2002-23-3-B/LAMA2002-58-4-B)-B-B-2-3-B-B-B-1-B23-B5-B27-B15)-1-11-1-2-B1-B9)/Tx779),15,4,1,80,INEW,6,40,15_3,3
(((Tx777/Tx775)-B5-12-2-1-B23)/LH195RR),16,3,1,81,INEW,7,50,16_3,3
(((CML 108/NC334)/(Tx740/CML 348)/(Tzi 18/Ki3)/(NC334/Hi27)-4-2-1-1-1-B7)/LH195RR),16,5,1,82,INEW,4,25,16_5,5
((LH195RR)/((LAMA2002-23-3-B/LAMA2002-58-4-B)-B-B-2-3-B-B-B-1-1//(LAMA2002-35-2-B-B-B-B/CG44)-1-3-B-1-1-B24)-B5-10-2-1-B9),16,7,1,83,INEW,6,50,16_7,7
((GP474GT-B12-B15-B23)/((LAMA2002-23-3-B/LAMA2002-58-4-B)-B-B-2-3-B-B-B-1-1//(LAMA2002-35-2-B-B-B-B/CG44)-1-3-B-1-1-B24)-B5-19-4-1-B15),16,9,1,84,INEW,5.5,50,16_9,9
((GP474GT-1-B15)/Tx779),16,11,1,85,INEW,6,65,16_11,11
((Tx777/Tx775)-B5-15-1-1-1-B9-B36)/Tx779,16,13,1,86,INEW,5,35,16_13,13
((((LAMA2002-23-3-B/LAMA2002-58-4-B)-B-B-2-3-B-B-B-1-B23-B5-B27/X/Argnetine Flinty Composite-C(1)-37-B-B-B2-1-B25)/((LAMA2002-23-3-B/LAMA2002-58-4-B)-B-B-2-3-B-B-B-1-B23-B5-B27/X/Tx772-B-B-B-B-B-B8-B29-B16)-1-3-2)/LH195RR),16,15,1,87,INEW,6,65,16_15,15
((((B104-1 x Tx714-B/B110 x FR2128-B)-12-4-B-B-B-B/SCR82-B)-B-B-1-B-B-B2-1-1-B15-B17-B20-B24-1-B10-B14)/GP722),16,17,1,88,INEW,7,85,16_17,17
(((Tx779/Tx780)-B6-04-1-1-B22)/GP724GTCBLL),16,19,1,89,INEW,5,20,16_19,19
((LH195 exPVP)/((((TX772W/RedStalker-6)//TX772W)///TX772W)-B2////TX772W)-1-B4-B5-1-B11-B17),16,21,1,90,INEW,7,85,16_21,21
((((((TX772W/RedStalker-6)//TX772W)///TX772W)-B2////TX772W)-1-B4-B5-1-B14-B10-B11)/LH195RR),16,23,1,91,INEW,7.5,85,16_23,23
((LH195RR)/((LAMA2002-23-3-B/LAMA2002-58-4-B)-B-B-2-3-B-B-B-1-B23-B5-B27/X/Argnetine Flinty Composite-C(1)-37-B-B-B2-1-B25)/((LAMA2002-23-3-B/LAMA2002-58-4-B)-B-B-2-3-B-B-B-1-B23-B5-B27/X/Tx772-B-B-B-B-B-B8-B29-B16)-1-3-1),16,25,1,92,INEW,8,75,16_25,25
(((NC300 x Tx714-B/B104-1/CML343)-2-1-B-B-B-B-B-B-B-B-1-B25-B23-B22-B26-1-B13)/Tx779),16,27,1,93,INEW,2,15,16_27,27
((4041-sib20/16-1-B9)/Tx779),16,29,1,94,INEW,4,20,16_29,29
((GP724GTCBLL)/(LAMA2002-12-1-B/(CML 325/B104)-B-1-B-B-B-B)-B-B2-3-2-B-B-B-1-B--B2-B26-B13-1-B6-B15),16,31,1,95,INEW,7,60,16_31,31
((WF18 Red Stalker inbred)/Tx779),16,33,1,96,INEW,6.5,60,16_33,33
((WF18 Red Stalker inbred)/Tx779),16,35,1,97,INEW,8,65,16_35,35
((GP724GTCBLL)/((LAMA2002-23-3-B/LAMA2002-58-4-B)-B-B-2-3-B-B-B-1-B23-B5-B27/X/Argnetine Flinty Composite-C(1)-37-B-B-B2-1-B25)/((LAMA2002-23-3-B/LAMA2002-58-4-B)-B-B-2-3-B-B-B-1-B23-B5-B27/X/Tx772-B-B-B-B-B-B8-B29-B16)-2-1-B2),16,37,1,98,INEW,11,90,16_37,37
((((Tx781 /Tx784))/(Tx781 /Tx789))-1-B16)/Tx779,16,39,1,99,INEW,3.5,25,16_39,39
((Tx777-B50)/(NC300 x Tx714-B/B104-1/CML343)-2-1-B-B-B-B-B-B-B-B-1-B25-B23-B22-B26-1-B16),16,41,1,100,INEW,7,60,16_41,41
((GP474?BGTCBLL (glyphosate+liberty link+corn borer)-B10-B21)/Tx779),17,42,2,101,INEW,6,65,17_41,41
((GP739GTCBLLBL)/(((LAMA2002-23-3-B/LAMA2002-58-4-B)-B-B-2-3-B-B-B-1-B23-B5-B27/X/Tx772-B-B-B-B-B-B8-B29-B16)/((LAMA2002-22-1-B-B-B-B/LAMA2002-1-5-B-B-B-B)-2-1-B-1-1-1-BB/X/(LAMA2002-23-3-B/LAMA2002-58-4-B)-B-B-2-3-B-B-B-B12-B5-B24))-5-1-B4),17,40,2,102,INEW,8,70,17_39,39
DKC69-99 (2021),17,38,2,103,INEW,12,92,17_37,37
((GP474GT-B12-B15-B23)/((LAMA2002-23-3-B/LAMA2002-58-4-B)-B-B-2-3-B-B-B-1-B23-B5-B27/X/Argnetine Flinty Composite-C(1)-37-B-B-B2-1-B25)/((LAMA2002-23-3-B/LAMA2002-58-4-B)-B-B-2-3-B-B-B-1-B23-B5-B27/X/Tx772-B-B-B-B-B-B8-B29-B16)-1-2-B2),17,36,2,104,INEW,10,85,17_35,35
(((Tx777/Tx775)-B5-15-1-1-B28)/GP724GTCBLL),17,34,2,105,INEW,6,45,17_33,33
(((LH195//LAMA2002-58-3-B-B-B-B-B-B-B18)-B3-6-2-1)/Tx779),17,32,2,106,INEW,7,60,17_31,31
LG64C30 (2021),17,30,2,107,INEW,14,96,17_29,29
((GP474GT-1-B15)/Tx779),17,28,2,108,INEW,7,60,17_27,27
((LH195RR)/((LAMA2002-23-3-B/LAMA2002-58-4-B)-B-B-2-3-B-B-B-1-1//(LAMA2002-35-2-B-B-B-B/CG44)-1-3-B-1-1-B24)-B5-10-2-1-B9),17,26,2,109,INEW,9,75,17_25,25
((LH195 exPVP)/(((LAMA2002-22-1-B-B-B-B/LAMA2002-1-5-B-B-B-B)-2-1-B-1-1-1-BB/X/(LAMA2002-23-3-B/LAMA2002-58-4-B)-B-B-2-3-B-B-B-1-B23-B5-B27-B15)/((LAMA2002-23-3-B/LAMA2002-58-4-B)-B-B-2-3-B-B-B-1-B23-B5-B27/X/(Tx741);LAMA2002-42-B-B-B-B-B3-1-B12-B11))-11-,17,24,2,110,INEW,10,85,17_23,23
((((LAMA2002-23-3-B/LAMA2002-58-4-B)-B-B-2-3-B-B-B-1-B23-B5-B27/X/Argnetine Flinty Composite-C(1)-37-B-B-B2-1-B25)/((LAMA2002-23-3-B/LAMA2002-58-4-B)-B-B-2-3-B-B-B-1-B23-B5-B27/X/Tx772-B-B-B-B-B-B8-B29-B16)-3-3-3)/LH195RR),17,22,2,111,INEW,8,80,17_21,21
((((Tx781 /Tx790))/(Tx781 /Tx784))-1-B15)/Tx779,17,20,2,112,INEW,5,25,17_19,19
((GP739GTCBLLBL)/(LAMA2002-12-1-B/(CML 325/B104)-B-1-B-B-B-B)-B-B2-3-2-B-B-B-1-B--B2-B26-B13-1-B6-B15),17,18,2,113,INEW,7.5,50,17_17,17
((LH195RR)/((LAMA2002-23-3-B/LAMA2002-58-4-B)-B-B-2-3-B-B-B-1-B23-B5-B27/X/Argnetine Flinty Composite-C(1)-37-B-B-B2-1-B25)/((LAMA2002-23-3-B/LAMA2002-58-4-B)-B-B-2-3-B-B-B-1-B23-B5-B27/X/Tx772-B-B-B-B-B-B8-B29-B16)-2-1-B2),17,16,2,114,INEW,15,98,17_15,15
(((Tx777/Tx775)-B5-37-2-1-1-B12)/LH195RR),17,14,2,115,INEW,7,40,17_13,13
((GP474GT-B12-B15-B23)/(((LAMA2002-23-3-B/LAMA2002-58-4-B)-B-B-2-3-B-B-B-1-B23-B5-B27/X/Tx772-B-B-B-B-B-B8-B29-B16)/((LAMA2002-22-1-B-B-B-B/LAMA2002-1-5-B-B-B-B)-2-1-B-1-1-1-BB/X/(LAMA2002-23-3-B/LAMA2002-58-4-B)-B-B-2-3-B-B-B-B12-B5-B24))-5-1-B4),17,12,2,116,INEW,6,60,17_11,11
(((((LAMA2002-22-1-B-B-B-B/LAMA2002-1-5-B-B-B-B)-2-1-B-1-1-1-BB/X/(LAMA2002-23-3-B/LAMA2002-58-4-B)-B-B-2-3-B-B-B-1-B23-B5-B27-B15)/((LAMA2002-23-3-B/LAMA2002-58-4-B)-B-B-2-3-B-B-B-1-B23-B5-B27/X/(Tx741);LAMA2002-42-B-B-B-B-B3-1-B12-B11))-11-1-1-B13)/LH19,17,10,2,117,INEW,10,70,17_9,9
((4001-sib17/16-B19)/Tx779),17,8,2,118,INEW,4,10,17_7,7
((((B104-1 x Tx714-B/B110 x FR2128-B)-12-4-B-B-B-B/SCR82-B)-B-B-1-B-B-B2-1-1-B15-B17-B20-B24-1-B10-B14)/(LAMA2002-22-1-B-B-B-B/LAMA2002-1-5-B-B-B-B)-2-1-B-1-1-1-B19-B18-B3-B?-1-B18-B14),17,6,2,119,INEW,6.5,90,17_5,5
(GT1307-B14-B82)/Tx779,17,4,2,120,INEW,6,25,17_3,3
((WF18 Red Stalker inbred)/Tx779),18,3,2,121,INEW,6,30,18_3,3
((LH195RR)/((((TX772W/RedStalker-6)//TX772W)///TX772W)-B2////TX772W)-1-B4-B5-1-B11-B17),18,5,2,122,INEW,7,45,18_5,5
((((LAMA2002-23-3-B/LAMA2002-58-4-B)-B-B-2-3-B-B-B-1-B23-B5-B27/X/Argnetine Flinty Composite-C(1)-37-B-B-B2-1-B25)/((LAMA2002-23-3-B/LAMA2002-58-4-B)-B-B-2-3-B-B-B-1-B23-B5-B27/X/Tx772-B-B-B-B-B-B8-B29-B16)-3-3-2)/LH195RR),18,7,2,123,INEW,8,40,18_7,7
((GP724GTCBLL)/(LAMA2002-12-1-B/(CML 325/B104)-B-1-B-B-B-B)-B-B2-3-2-B-B-B-1-B--B2-B26-B13-1-B6-B15),18,9,2,124,INEW,7,40,18_9,9
(((PI 498703-3/ PI 390554-1)-OPB-B4-1-B10-B8-B2-1)/Tx779),18,11,2,125,INEW,7,35,18_11,11
((((B104-1 x Tx714-B/B110 x FR2128-B)-12-4-B-B-B-B/SCR82-B)-B-B-1-B-B-B2-1-1-B15-B17-B17-B6-1-1-B11-1-B23)/Tx779),18,13,2,126,INEW,9,85,18_13,13
((GP739GTCBLLBL)/((LAMA2002-23-3-B/LAMA2002-58-4-B)-B-B-2-3-B-B-B-1-B23-B5-B27/X/Argnetine Flinty Composite-C(1)-37-B-B-B2-1-B25)/((LAMA2002-23-3-B/LAMA2002-58-4-B)-B-B-2-3-B-B-B-1-B23-B5-B27/X/Tx772-B-B-B-B-B-B8-B29-B16)-2-1-B2),18,15,2,127,INEW,10,88,18_15,15
((GP724GTCBLL)/(Tx777/Tx775)-B5-12-2-1-1-B17),18,17,2,128,INEW,7,60,18_17,17
((Tx777-B50)/(NC300 x Tx714-B/B104-1/CML343)-2-1-B-B-B-B-B-B-B-B-1-B25-B23-B22-B26-1-B16),18,19,2,129,INEW,7,60,18_19,19
((((LAMA2002-22-1-B-B-B-B/LAMA2002-1-5-B-B-B-B)-2-1-B-1-1-1-BB/X/(LAMA2002-23-3-B/LAMA2002-58-4-B)-B-B-2-3-B-B-B-1-B23-B5-B27-B15)-1-11-1-2-B1-B9)/Tx779),18,21,2,130,INEW,7.5,65,18_21,21
((GP474GT-B12-B15-B23)/((LAMA2002-23-3-B/LAMA2002-58-4-B)-B-B-2-3-B-B-B-1-B23-B5-B27/X/Argnetine Flinty Composite-C(1)-37-B-B-B2-1-B25)/((LAMA2002-23-3-B/LAMA2002-58-4-B)-B-B-2-3-B-B-B-1-B23-B5-B27/X/Tx772-B-B-B-B-B-B8-B29-B16)-2-1-B2),18,23,2,131,INEW,11,90,18_23,23
((((LAMA2002-22-1-B-B-B-B/LAMA2002-1-5-B-B-B-B)-2-1-B-1-1-1-BB/X/(LAMA2002-23-3-B/LAMA2002-58-4-B)-B-B-2-3-B-B-B-1-B23-B5-B27-B15)-2-10-2-1-B1-B20)/Tx779),18,25,2,132,INEW,6,70,18_25,25
((((((B104/NC300)/(CML415/B104))-4-2-B-B-B/LAMA2002-22-3-B-B1)-B-B-B-B-B//Tx775)-B4-09-2-b4-B3-1-1)/Tx779),18,27,2,133,INEW,7,70,18_27,27
((((CML269/Tx110)/(CML 311/Tx110)-1-B-B-B-B/DTPWC8F31-1-1-2-2-BBBB-B)-B-B-3-1-B-1-B8-1-B18)/LH195RR),18,29,2,134,INEW,9,80,18_29,29
((((B104-1 x Tx714-B-B)-23-1-B-B-B-B/(CML288/NC300)-B-9-B1-B-B-B)-B-B-1-1-B-B-B-B-1-B15-1-B5-1-B20)/Tx779),18,31,2,135,INEW,7,65,18_31,31
BH8721VT2P (2021),18,33,2,136,INEW,9.5,87,18_33,33
((((LAMA2002-23-3-B/LAMA2002-58-4-B)-B-B-2-3-B-B-B-1-B23-B5-B27/X/Argnetine Flinty Composite-C(1)-37-B-B-B2-1-B25)/((LAMA2002-23-3-B/LAMA2002-58-4-B)-B-B-2-3-B-B-B-1-B23-B5-B27/X/Tx772-B-B-B-B-B-B8-B29-B16)-1-3-1)/LH195RR),18,35,2,137,INEW,8,70,18_35,35
((Tx777/Tx775)-B5-36-1-1-1-1-B36)/Tx779,18,37,2,138,INEW,7,65,18_37,37
((((((TX772W/RedStalker-6)//TX772W)///TX772W)-B2////TX772W)-1-B4-B5-1-B14-B10-B11)/LH195RR),18,39,2,139,INEW,7,84,18_39,39
((LH195RR)/(((LAMA2002-23-3-B/LAMA2002-58-4-B)-B-B-2-3-B-B-B-1-B23-B5-B27/X/Tx772-B-B-B-B-B-B8-B29-B16)/((LAMA2002-22-1-B-B-B-B/LAMA2002-1-5-B-B-B-B)-2-1-B-1-1-1-BB/X/(LAMA2002-23-3-B/LAMA2002-58-4-B)-B-B-2-3-B-B-B-B12-B5-B24))-5-1-B4),18,41,2,140,INEW,12,80,18_41,41
(((NC300 x Tx714-B/B104-1/CML343)-2-1-B-B-B-B-B-B-B-B-1-B25-B23-B22-B26-B13)/Tx777-B50),19,42,2,141,INEW,7,45,19_41,41
((GP474GT-B12-B15-B23)/(LAMA2002-12-1-B/(CML 325/B104)-B-1-B-B-B-B)-B-B2-3-2-B-B-B-1-B--B2-B26-B13-1-B6-B15),19,40,2,142,INEW,8,90,19_39,39
((LH195 exPVP)/((((TX772W/RedStalker-6)//TX772W)///TX772W)-B2////TX772W)-1-B4-B5-1-B11-B17),19,38,2,143,INEW,8,90,19_37,37
((LH195RR)/((LAMA2002-23-3-B/LAMA2002-58-4-B)-B-B-2-3-B-B-B-1-B23-B5-B27/X/Argnetine Flinty Composite-C(1)-37-B-B-B2-1-B25)/((LAMA2002-23-3-B/LAMA2002-58-4-B)-B-B-2-3-B-B-B-1-B23-B5-B27/X/Tx772-B-B-B-B-B-B8-B29-B16)-1-2-B2),19,36,2,144,INEW,10,75,19_35,35
((LH195RR)/((LAMA2002-23-3-B/LAMA2002-58-4-B)-B-B-2-3-B-B-B-1-B23-B5-B27/X/Argnetine Flinty Composite-C(1)-37-B-B-B2-1-B25)/((LAMA2002-23-3-B/LAMA2002-58-4-B)-B-B-2-3-B-B-B-1-B23-B5-B27/X/Tx772-B-B-B-B-B-B8-B29-B16)-1-3-1),19,34,2,145,INEW,8,70,19_33,33
(((Tzi 18/Mp313E -B)/(CML 311/Mp715)/(CML 108/NC334)/(Tx740/CML 348)-44-1-1-1-B18)/Tx779),19,32,2,146,INEW,7,65,19_31,31
(((Tx777/Tx775)-B5-15-1-1-B28)/GP739GTCBLLBL),19,30,2,147,INEW,6.5,50,19_29,29
((((LAMA2002-23-3-B/LAMA2002-58-4-B)-B-B-2-3-B-B-B-1-B23-B5-B27/X/Argnetine Flinty Composite-C(1)-37-B-B-B2-1-B25)/((LAMA2002-23-3-B/LAMA2002-58-4-B)-B-B-2-3-B-B-B-1-B23-B5-B27/X/Tx772-B-B-B-B-B-B8-B29-B16)-1-2-2-B1)/Tx779),19,28,2,148,INEW,9,80,19_27,27
DKC67-44 (2021),19,26,2,149,INEW,10,88,19_25,25
((GP724GTCBLL)/((((TX772W/RedStalker-6)//TX772W)///TX772W)-B2////TX772W)-1-B4-B5-1-B11-B17),19,24,2,150,INEW,9,86,19_23,23
((LH195RR)/((LAMA2002-23-3-B/LAMA2002-58-4-B)-B-B-2-3-B-B-B-1-1//(LAMA2002-35-2-B-B-B-B/CG44)-1-3-B-1-1-B24)-B5-10-2-1-B9),19,22,2,151,INEW,10,75,19_21,21
(((LAMA2002-23-3-B/LAMA2002-58-4-B)-B-B-2-3-B-B-B-1-B23-B5-B27/X/Tx772-B-B-B-B-B-B8-B29-B16)/((LAMA2002-22-1-B-B-B-B/LAMA2002-1-5-B-B-B-B)-2-1-B-1-1-1-BB/X/(LAMA2002-23-3-B/LAMA2002-58-4-B)-B-B-2-3-B-B-B-B12-B5-B24)-B-2-1-4-1-B26)/Tx779,19,20,2,152,INEW,NA,NA,19_19,19
((((B104-1 x Tx714-B/B110 x FR2128-B)-12-4-B-B-B-B/SCR82-B)-B-B-1-B-B-B2-1-1-B15-B17-B20-B24-1-B10-B14)/GP722),19,18,2,153,INEW,8,85,19_17,17
(((CML 108/Mp715)/(A6 /Tzi 8)/(Tzi 18/Ki3)/(NC334/Hi27)-238-1-1-2-1-1)/Tx779),19,16,2,154,INEW,3,20,19_15,15
((Tx781 /Tx793)-B4-2-B16)/Tx779,19,14,2,155,INEW,5,40,19_13,13
((((LAMA2002-23-3-B/LAMA2002-58-4-B)-B-B-2-3-B-B-B-1-1//(LAMA2002-35-2-B-B-B-B/CG44)-1-3-B-1-1-B24)-B5-10-2-1-1)/Tx779),19,12,2,156,INEW,4.5,45,19_11,11
((((Tx781 /Tx784))/(Tx792 /Tx781))-1-B14)/Tx779,19,10,2,157,INEW,5,25,19_9,9
((GP474GT-B12-B15-B23)/((LAMA2002-23-3-B/LAMA2002-58-4-B)-B-B-2-3-B-B-B-1-B23-B5-B27/X/Argnetine Flinty Composite-C(1)-37-B-B-B2-1-B25)/((LAMA2002-23-3-B/LAMA2002-58-4-B)-B-B-2-3-B-B-B-1-B23-B5-B27/X/Tx772-B-B-B-B-B-B8-B29-B16)-1-2-1-B1-B7),19,8,2,158,INEW,5,80,19_7,7
((LH195RR)/(LAMA2002-12-1-B/(CML 325/B104)-B-1-B-B-B-B)-B-B2-3-2-B-B-B-1-B--B2-B26-B13-1-B6-B15),19,6,2,159,INEW,6,50,19_5,5
((((LAMA2002-23-3-B/LAMA2002-58-4-B)-B-B-2-3-B-B-B-1-B23-B5-B27/X/Argnetine Flinty Composite-C(1)-37-B-B-B2-1-B25)/((LAMA2002-23-3-B/LAMA2002-58-4-B)-B-B-2-3-B-B-B-1-B23-B5-B27/X/Tx772-B-B-B-B-B-B8-B29-B16)-1-3-2)/LH195RR),19,4,2,160,INEW,7,50,19_3,3
((WF18 Red Stalker inbred)/Tx779),20,3,2,161,INEW,6,40,20_3,3
(((CML 108/NC334)/(Tx740/CML 348)/(Tzi 18/Ki3)/(NC334/Hi27)-4-2-1-1-1-B7)/LH195RR),20,5,2,162,INEW,4,30,20_5,5
((GP739GTCBLLBL)/((LAMA2002-23-3-B/LAMA2002-58-4-B)-B-B-2-3-B-B-B-1-B23-B5-B27/X/Argnetine Flinty Composite-C(1)-37-B-B-B2-1-B25)/((LAMA2002-23-3-B/LAMA2002-58-4-B)-B-B-2-3-B-B-B-1-B23-B5-B27/X/Tx772-B-B-B-B-B-B8-B29-B16)-1-3-1),20,7,2,163,INEW,7,60,20_7,7
((GP724GTCBLL)/((LAMA2002-23-3-B/LAMA2002-58-4-B)-B-B-2-3-B-B-B-1-B23-B5-B27/X/Argnetine Flinty Composite-C(1)-37-B-B-B2-1-B25)/((LAMA2002-23-3-B/LAMA2002-58-4-B)-B-B-2-3-B-B-B-1-B23-B5-B27/X/Tx772-B-B-B-B-B-B8-B29-B16)-2-1-B2),20,9,2,164,INEW,8,80,20_9,9
((((((TX772W/RedStalker-6)//TX772W)///TX772W)-B2////TX772W)-1-B4-B5-1-B11-B17)/LH195RR),20,11,2,165,INEW,8,70,20_11,11
((Tx782; (LAMA2002-12-1-B/(CML 325/B104)-B-1-B-B-B-B)-B-B2-3-2-B-B-B-1-B--B4-B11-B14-B8-B10)/Tx779),20,13,2,166,INEW,5,40,20_13,13
(((CML 108/Mp715)/(A6 /Tzi 8)/(Tzi 18/Ki3)/(NC334/Hi27)-238-1-1-1-B9)/Tx779),20,15,2,167,INEW,3,12,20_15,15
(((NC300 x Tx714-B/B104-1/CML343)-2-1-B-B-B-B-B-B-B-B-1-B25-B23-B22-B26-1-B13)/Tx779),20,17,2,168,INEW,4,15,20_17,17
(((LH195//LAMA2002-58-3-B-B-B-B-B-B-B18)-B3-6-1-1)/Tx779),20,19,2,169,INEW,5,45,20_19,19
((((LAMA2002-23-3-B/LAMA2002-58-4-B)-B-B-2-3-B-B-B-1-1//(LAMA2002-35-2-B-B-B-B/CG44)-1-3-B-1-1-B24)-B5-21-3-1-1)/Tx779),20,21,2,170,INEW,8,45,20_21,21
((Tx781 /Tx790)-B2-2-B7)/Tx779,20,23,2,171,INEW,1,8,20_23,23
((Tx777/Tx775)-B5-15-1-1-1-B9-B36)/Tx779,20,25,2,172,INEW,4,30,20_25,25
(((Tx777/Tx775)-B5-12-2-1-1-B17)/LH195RR),20,27,2,173,INEW,8.5,60,20_27,27
((((Tx781 /Tx784))/(Tx781 /Tx789))-1-B16)/Tx779,20,29,2,174,INEW,4,9,20_29,29
((((LAMA2002-23-3-B/LAMA2002-58-4-B)-B-B-2-3-B-B-B-1-B23-B5-B27/X/Argnetine Flinty Composite-C(1)-37-B-B-B2-1-B25)/((LAMA2002-23-3-B/LAMA2002-58-4-B)-B-B-2-3-B-B-B-1-B23-B5-B27/X/Tx772-B-B-B-B-B-B8-B29-B16)-1-2-1-B1-B7)/LH195RR),20,31,2,175,INEW,8,85,20_31,31
((GP739GTCBLLBL)/((LAMA2002-23-3-B/LAMA2002-58-4-B)-B-B-2-3-B-B-B-1-1//(LAMA2002-35-2-B-B-B-B/CG44)-1-3-B-1-1-B24)-B5-10-2-1-B9),20,33,2,176,INEW,8,60,20_33,33
((Tx779)/(Tx777/Tx775)-B5-39-1-2-B14),20,35,2,177,INEW,7,60,20_35,35
((4041-sib20/16-1-B9)/Tx779),20,37,2,178,INEW,6,35,20_37,37
((Tx777-B50)/GP722),20,39,2,179,INEW,15,98,20_39,39
((Tx777-B50)/GP737),20,41,2,180,INEW,17,99,20_41,41
(((LAMA2002-12-1-B/(CML 325/B104)-B-1-B-B-B-B)-B-B2-3-2-B-B-B-1-B--B2-B26-B13-1-B6-B15)/Tx779),21,42,2,181,INEW,7,60,21_41,41
((LH195RR)/((LAMA2002-23-3-B/LAMA2002-58-4-B)-B-B-2-3-B-B-B-1-1//(LAMA2002-35-2-B-B-B-B/CG44)-1-3-B-1-1-B24)-B5-19-4-1-B15),21,40,2,182,INEW,8,60,21_39,39
((((Tx781 /Tx789))/(Tx781 /Tx790))-B17-B10)/Tx779,21,38,2,183,INEW,5,25,21_37,37
((GP724GTCBLL)/((LAMA2002-23-3-B/LAMA2002-58-4-B)-B-B-2-3-B-B-B-1-B23-B5-B27/X/Argnetine Flinty Composite-C(1)-37-B-B-B2-1-B25)/((LAMA2002-23-3-B/LAMA2002-58-4-B)-B-B-2-3-B-B-B-1-B23-B5-B27/X/Tx772-B-B-B-B-B-B8-B29-B16)-1-3-1),21,36,2,184,INEW,7,70,21_35,35
((Tx781 /Tx790)-B2-1-B24)/Tx779,21,34,2,185,INEW,7,40,21_33,33
(((Tx777/Tx775)-B5-12-2-1-B23)/LH195RR),21,32,2,186,INEW,6.5,50,21_31,31
((Tx781 /Tx793)-B4-1-B12)/Tx779,21,30,2,187,INEW,6,35,21_29,29
(((Tx779/Tx780)-B6-04-1-1-B22)/GP724GTCBLL),21,28,2,188,INEW,6,40,21_27,27
((((B104-1 x Tx714-B/B110 x FR2128-B)-12-4-B-B-B-B/SCR82-B)-B-B-1-B-B-B2-1-1-B15-B17-B17-B6-1-B7-B10)/(LAMA2002-22-1-B-B-B-B/LAMA2002-1-5-B-B-B-B)-2-1-B-1-1-1-B19-B18-B3-B?-1-B18-B14),21,26,2,189,INEW,11,90,21_25,25
(((Tx777/Tx775)-B5-12-2-1-B23)/GP739GTCBLLBL),21,24,2,190,INEW,10,70,21_23,23
(((Tx777/Tx775)-B5-12-2-2-B18-B11-B10)/Tx779),21,22,2,191,INEW,7,80,21_21,21
((Tx779)/(Tx777/Tx775)-B5-12-2-1-1-B17),21,20,2,192,INEW,8,45,21_19,19
((GP474GT-B12-B15-B23)/((LAMA2002-23-3-B/LAMA2002-58-4-B)-B-B-2-3-B-B-B-1-1//(LAMA2002-35-2-B-B-B-B/CG44)-1-3-B-1-1-B24)-B5-10-2-1-B9),21,18,2,193,INEW,9,45,21_17,17
((((CML288/NC300)-B-9-B1-B-B-B-B-B-B-B-B-1-B8-B7-B17/LH82)-1-2-1-B11)/Tx779),21,16,2,194,INEW,8,60,21_15,15
((GP474GT-B12-B15-B23)/((LAMA2002-23-3-B/LAMA2002-58-4-B)-B-B-2-3-B-B-B-1-1//(LAMA2002-35-2-B-B-B-B/CG44)-1-3-B-1-1-B24)-B5-19-4-1-B15),21,14,2,195,INEW,7,60,21_13,13
((LH195RR)/((LAMA2002-23-3-B/LAMA2002-58-4-B)-B-B-2-3-B-B-B-1-B23-B5-B27/X/Argnetine Flinty Composite-C(1)-37-B-B-B2-1-B25)/((LAMA2002-23-3-B/LAMA2002-58-4-B)-B-B-2-3-B-B-B-1-B23-B5-B27/X/Tx772-B-B-B-B-B-B8-B29-B16)-1-2-1-B1-B7),21,12,2,196,INEW,10,90,21_11,11
(Argnetine Flinty Composite-C(1)-37-B-B-B2-1-B25-B2-B?-1-B-B9-B26)/Tx779,21,10,2,197,INEW,7,60,21_9,9
((((B110/FR2128-B/B104-1/CML343)-B-B-11-B-B-B-B/LAMA2002-42-B-B-B)-B-B-B-B-B-1-B2-1-B22-B17-B4-B27-1-B14)/Tx779),21,8,2,198,INEW,2,7,21_7,7
((((Tx781 /Tx789))/(Tx781 /Tx790))-1-B16)/Tx779,21,6,2,199,INEW,5,20,21_5,5
((GP474GT-B12-B15-B23)/((LAMA2002-23-3-B/LAMA2002-58-4-B)-B-B-2-3-B-B-B-1-B23-B5-B27/X/Argnetine Flinty Composite-C(1)-37-B-B-B2-1-B25)/((LAMA2002-23-3-B/LAMA2002-58-4-B)-B-B-2-3-B-B-B-1-B23-B5-B27/X/Tx772-B-B-B-B-B-B8-B29-B16)-1-3-1),21,4,2,200,INEW,6,45,21_3,3
